#OTU ID	d__Bacteria;p__Firmicutes_D	d__Bacteria;p__Firmicutes_C	d__Bacteria;p__Actinobacteriota	d__Bacteria;p__Bacteroidota	d__Bacteria;p__Firmicutes_A	d__Bacteria;p__Fusobacteriota	d__Bacteria;p__Firmicutes_B_370539	d__Bacteria;p__Proteobacteria	d__Archaea;p__Thermoplasmatota	d__Bacteria;p__Deinococcota	d__Bacteria;p__Desulfobacterota_I	d__Bacteria;p__Verrucomicrobiota	d__Bacteria;p__Firmicutes_G	d__Bacteria;p__Cyanobacteria	d__Bacteria;__	d__Archaea;p__Methanobacteriota_A_1229	d__Bacteria;p__Campylobacterota	d__Bacteria;p__Synergistota
ERR1233441	0.011673910620751142	0.024508711319142614	0.022446971	0.4795683346335302	0.41271035328206845	0	0.00238679	0.019586537	0	0	0.007169657	0.019289349530071696	0.00013002	0	3.714848248449051e-05	0	0.000492217	0
ERR1315836	0.02104642	0.000196696	0.2440991345397325	0.025963808025177025	0.7079071597167584	0	0	0.000393391	0	0	0	0	0	0	0	0.000393391	0	0
ERR1315997	0.018852459016393444	0.008060109	0.01557377	0.4569672131147541	0.4155737704918033	0	0	0.080737705	0	0	0.001775956	0.00204918	0	0	0.000409836	0	0	0
ERR1316062	0.06539902	0.005762028	0.004321521	0.1696917314894843	0.7242869490060502	0	0.001728608	0.015557476231633534	0	0	0.001728608	0.011524056467876692	0	0	0	0	0	0
ERR1316179	0.010539258738802038	0.084489724	0.083787107	0.15545406639733006	0.6263832777094678	0	0	0.002283506	0	0	0.002810469	0.033023011	0	0	0.00122958	0	0	0
ERR1389645	0.006904623	0.00140433	0.00140433	0.643826799	0.30719719133996487	0	0.001170275	0.029139847864248097	0	0	0.00140433	0.00514921	0	0.001521358	0	0.000702165	0.000175541	0
ERR1389647	0.094226111	0.005000391	0.002890851	0.336979452	0.5338698335807485	0	0.002578326	0.007344324	0	0	0.008672553	0.005312915	0	0.002734589	0	0.000390656	0	0
ERR1389653	0.054405422	0.002218115	0.043499692	0.25329636475662354	0.6431300061614295	0	0	0.000369686	0	0	0.0004313	0.001786815	0.000677757	0.000184843	0	0	0	0
ERR1389691	0.006041816	0.084346927	0.015422529612846809	0.4738055489307576	0.28849670085062407	0	0.000238493	0.004769855	0	0	0.005167342	0.12051832419111218	0	0	0	0.001192464	0	0
ERR1389697	0.075428571	0.003714286	0.00152381	0.37104761904761907	0.32485714285714284	0	0	0.2215238095238095	0	0	0.000952381	0.000952381	0	0	0	0	0	0
ERR1389712	0.067176821	0.023482680063087798	0.00706817	0.21917168058881945	0.6009112681815527	0.000116829	0	0.078684503	0	0	0.003212804	0	0	0	0	0.000175244	0	0
ERR1389729	0.17246934574420478	0.009039649	0.009755661	0.3831558220710642	0.3461917121632507	0	0.000358006	0.042065694	0	0	0.002237537	0.03454757	0.000179003	0	0	0	0	0
ERR1389767	0.032282122	0.010334540805454933	0.002237375	0.4668655444278713	0.3850415512465374	0	0.003622416	0.014702748774770935	0	0	0.000426167	0.082782868	0	0.0012785	0.000213083	0	0.000213083	0
ERR1389771	0.008786127	0.027630057803468208	0.037919075	0.40265895953757225	0.5015028901734104	0	0	0.015606936	0	0	0.002774566	0.002080925	0	0.001040462	0	0	0	0
ERR1389782	0.013591177384280832	0.024386455420938178	0.004737496	0.4434607020813917	0.4851662006834421	0	0.003572538	0.014134824479652065	0	0	0.010018639328984157	0.000543647	0.000388319	0	0	0	0	0
ERR1389804	0.017088136	0.025574861	0.003096508	0.5031825219335971	0.42743276564023164	0	0.000573427	0.001548254	0	0	0.013475543322438213	0.005504903	0.000286714	0.002236367	0	0	0	0
ERR1389823	0.008709909	0.011271647	0.001639512	0.6480172148785737	0.3146838815452403	0	0.000204939	0.007275336	0	0	0.006865458	0.001332104	0	0	0	0	0	0
ERR1389834	0.015438094264390145	0.002555976	0.023208261	0.6829567528882527	0.25416624067068805	0	0	0.001738064	0	0	0.004396278	0.014722421020345568	0	0.000817912	0	0	0	0
ERR1389868	0.028473804	0.056093394	0.12272209567198178	0.019219818	0.7623861047835991	0	0	0.001138952	0	0	0.001281321	0.00868451	0	0	0	0	0	0
ERR1389870	0.13915537533379488	0.034714667	0.025615666106220947	0.2792008703392345	0.4926317871624963	0	0.000494511	0	0	0	0.000593413	0.027099199	0	0.000494511	0	0	0	0
ERR1389879	0.13777777777777778	0.016888888888888887	0.056	0.10488888888888889	0.33866666666666667	0	0	0.33955555555555555	0	0	0.004444444	0.001777778	0	0	0	0	0	0
ERR1389907	0.009757258	0.004283674	0.008210376	0.5241551642075202	0.4005235602094241	0	0	0.040456925	0	0	0.008210376	0.004164683	0	0.000237982	0	0	0	0
ERR1389914	0.040480009	0.086490074	0.013382735165625173	0.38024664049106893	0.35718630758170655	0	0.000276503	0.00199082	0	0	0.004258143	0.11557816733949013	0	0	0.000110601	0	0	0
ERR1389926	0.21484085862324204	0.042283494	0.009529978	0.29459659511472985	0.17820133234641006	0.000277572	0	0.20049962990377498	0	0	0.059215396	0	0	0	0	0	0.000555144	0
ERR1389948	0.1271585557299843	0.025745682888540032	0.014285714285714285	0.34065934065934067	0.4194662480376766	0	0.000627943	0.019309262166405022	0	0	0.005180534	0.045525903	0	0.000470958	0	0.001569859	0	0
ERR1389952	0.008980355	0.031368880573744935	0.005176177	0.6894917368256938	0.25930776426566887	0	0.000374181	0.005113814	0	0	0.000187091	0	0	0	0	0	0	0
ERR1389966	0.016289499458734986	0.034280117531831536	0.007371514	0.3539357698850456	0.562967163	0	0.001804217	0.013763596061652663	0	0	0.001443373	0.001958864	0	0.006185886	0	0	0	0
ERR1389992	0.037715371048704385	0.016415683	0.003120336	0.33469000135666804	0.5731922398589065	0	0.001356668	0.010446343779677113	0	0	0.013702347035680369	0.005969339	0	0	0.000542667	0.002442002	0	0.000407
ERR1389999	0.059657797	0.009303233	0.044434324	0.27545377659228415	0.5497365168173833	0	0.0021469	0.042222366794613234	0	0	0.000845748	0.002862533	0	0.011320018216121268	0.000195173	0	0.001821612	0
ERR1390001	0.027662702	0.049311773	0.012160898	0.4730054790859281	0.39208873446478687	0	0	0.018709073900841908	0	0	0.001403181	0.023854069223573433	0	0	0	0.001804089	0	0
ERR1390006	0.22801846939777975	0.012181943216425975	0.001866588	0.3914922880440122	0.24963159445918068	0	0	0.006287455	0	0	0	0.11032517929069653	0	0.000196483	0	0	0	0
ERR1417467	0.051479870949642306	0.004348436	0.004488708	0.41422359377191753	0.4830972085846542	0	0.003226259	0.017814560246878944	0	0	0.000701361	0.016972927	0	0.003647075	0	0	0	0
ERR1417468	0.2462526766595289	0.018558172733761598	0.014989293361884369	0.18486795146324053	0.4411134903640257	0	0	0.082084226	0	0	0.009992862	0.002141328	0	0	0	0	0	0
ERR1417527	0.010652463382157125	0.010773514	0.017915506597264253	0.5220917564459508	0.40624621716499215	0	0.000242101	0.027599564217407092	0	0	0.002905217	0.000605254	0	0	0.000968406	0	0	0
ERR1417549	0.08045292	0.033969011	0.045292014	0.3641239570917759	0.4480035756853397	0	0.000446961	0.017878426698450536	0	0	0.005512515	0.002979738	0.000595948	0	0	0.000744934	0	0
ERR1417555	0.039213495698804605	0.037537705284325776	0.009384426	0.38833649871522735	0.47905261981901465	0	0.00167579	0.012177410345212825	0	0	0.016199307339962016	0.014970394369344208	0.000446877	0.000558597	0	0.000446877	0	0
ERR1417562	0.021126257940189852	0.000642352	0.006566269	0.4853329526800371	0.4625651273999001	0.000214117	0	0.002069802	0	0	0.020127043037613306	0.000356862	0.000428235	0	0.000428235	0	0.000142745	0
ERR1417570	0.13463314520266803	0.00656747	0.009645972	0.2568496664956388	0.5802975885069266	0	0.000410467	0.004309903	0	0	0.00030785	0.006464854	0	0	0.000513084	0	0	0
ERR1417644	0.1390480387836051	0.033274570295284266	0.020273248126928163	0.2379903040987219	0.4762009695901278	0	0.001101807	0.091229617	0	0	0	0.000881446	0	0	0	0	0	0
ERR1417657	0.011555683952043911	0.022100245558283983	0.001516684	0.5216669074100824	0.4264047378304203	0	0.002816698	0.009388993	0	0	0.000505561	0.002961144	0.000866676	0	0	0.000216669	0	0
ERR1458746	0.031962025	0.007278481	0.005590717	0.414873418	0.525	0	0	0.014820675105485232	0	0	0	0	0	0	0	0	0.000474684	0
ERR1458752	0.022453359749050685	0.010401188707280832	0.003301965	0.32805018986296847	0.6196136701337296	0	0.002146277	0.002641572	0	0	0	0.011391778107974244	0	0	0	0	0	0
ERR1458765	0.011341416	0.006257333	0.002867944	0.3989049667579194	0.5399556772259158	0	0.000651806	0.024768609047060356	0	0	0.003128666	0.010037804719071829	0.000651806	0.000782167	0	0.000651806	0	0
ERR1458793	0.027175813	0.007864383	0.009175114	0.24930094372596995	0.6772981475008738	0	0.001048584	0.014854945823138763	0.000174764	0	0.00471863	0.006116742	0.000262146	0	0.000349528	0.001310731	0	0.000349528
ERR1458829	0.046361683	0.017807798587657353	0.016682018	0.27970525023027326	0.604441715	0	0.000204687	0.007573432	0	0	0.017910142	0.008392181	0.000204687	0.000204687	0	0.000511718	0	0
ERR1458831	0.01511879	0.032705955	0	0.5473619253316877	0.40327059549521754	0	0	0.000617093	0	0	0.00092564	0	0	0	0	0	0	0
ERR1458908	0.07152733	0.056779427	0.00082957	0.27772144898147294	0.5449350170522629	0	0.000276523	0.007834823	0	0	0.00460872	0.034381049	0	0	0	0.001106093	0	0
ERR1458915	0.018447837150127225	0.00826972	0.001590331	0.4825063613231552	0.3187022900763359	0	0	0.14599236641221375	0	0	0.017493638676844784	0.001590331	0	0	0	0.000636132	0	0.004770992
ERR1458924	0.007292796	0.00985513	0.016556617719523013	0.29486547748102887	0.6038237902828422	0	0	0.031832068591701984	0	0	0.008179758	0.003942052	0	0	0	0	0.023455208435990933	0.000197103
ERR1458936	0.025949328	0.003680756	0.030979694497270106	0.39034415066560335	0.49904913808968776	0	0.002637875	0.003067296	0	0	0	0.03134777	0	0.001165573	0	0	0.011778418501932397	0
ERR1458942	0.1805872508747908	0.026015518	0.023124904914042295	0.28130229727673817	0.4859272782595466	0	0	0.001521375	0	0	0.00060855	0.000912825	0	0	0	0	0	0
ERR1459008	0.072191561	0.049403596	0.010859889620794018	0.14491721559551363	0.7095424603881075	0	0	0.004984867	0	0	0.001335232	0.004094712	0	0	0.000534093	0.00178031	0.000356062	0
ERR1459012	0.058983255	0.005732388	0.009956253	0.2887313320259466	0.5791220395233067	0	0.000301705	0.013425856086890934	0	0	0.02081762	0.007391763	0.000301705	0.011163071	0	0.004073013	0	0
ERR1459037	0.035434026	0.017231615565083732	0.003074185	0.3194725345845805	0.5616050481352641	0.002426988	0.001860691	0.009627053	0	0	0.015694523096836825	0.031146347382897822	0.000161799	0.000647197	0	0	0.001617992	0
ERR1459045	0.008364945	0.011963816749343449	0.024511234	0.21447330026262038	0.6669584670751872	0.007100477	0	0.001361735	0	0	0.003793405	0.05962455	0	0	0.000875401	0	0.000972668	0
ERR1459060	0.024678034390963378	0.012950571983595942	0.007626448	0.3806748686955896	0.5326282466364487	0	0.000359738	0.020720915173753508	0	0	0.006475286	0.013454205338513561	0	0	0	0	0.000431686	0
ERR1459072	0.037729377	0.003772938	0.021951637797976334	0.12021951637797976	0.7861430286400274	0	0	0.029326016	0	0	0.000857486	0	0	0	0	0	0	0
ERR1459089	0.057390775	0.024204597	0.002283453	0.1730857055868473	0.7109149033338408	0	0.000608921	0.005784747	0	0	0.005784747	0.016897549094230475	0	0.000761151	0	0.002283453	0	0
ERR1597021	0.014195583596214511	0.000946372	0.00126183	0.5457413249211357	0.3217665615141956	0	0.000630915	0.086750789	0	0	0.006940063	0.01829653	0.000630915	0.001577287	0	0.00126183	0	0
ERR1597047	0.077803204	0.001334859	0.011441647597254004	0.42143401983218914	0.40903890160183065	0	0	0.075705568	0	0	0.000762777	0.001906941	0	0	0	0	0.000572082	0
ERR1597051	0.11987654320987655	0.00617284	0.006419753	0.3097530864197531	0.46641975308641975	0	0.000246914	0.011975308641975308	0	0	0.013703703703703704	0.064938272	0	0.000246914	0	0.000246914	0	0
ERR1597060	0.029369627507163324	0.005014327	0	0.5938395415472779	0.3524355300859599	0	0.003581662	0.015759312320916905	0	0	0	0	0	0	0	0	0	0
ERR1597070	0.009113001	0.014277035236938032	0.008961118	0.3883657351154314	0.5344775212636695	0	0	0.025820170109356014	0	0	0.008049818	0.007897934	0.000607533	0.001974484	0	0	0.00045565	0
ERR1597077	0.085476411	0.002960222	0.00333025	0.37039777983348754	0.5141535615171138	0	0.000370028	0.008880666	0	0	0.002590194	0.009435708	0.000555042	0.000370028	0	0.001480111	0	0
ERR1597095	0.037852719	0.075017206	0.079146593	0.3117687543014453	0.3737095664143152	0	0	0.10323468685478321	0	0	0.004817619	0.014452856159669649	0	0	0	0	0	0
ERR1597120	0.062667594	0.00903764	0.002482868	0.49071407289701063	0.3608104081835336	0	0.000595888	0.010428046	0	0	0.009434899	0.050253253	0.000496574	0	0.000397259	0.002681498	0	0
ERR1597198	0.050702721935598646	0.004625511	0.007294076	0.18341932040562178	0.7189112257605408	0	0.000711617	0.004269703	0	0	0.008539406	0.011385874	0	0	0.000711617	0.009428927	0	0
ERR1597252	0.0463146	0.019203614798079638	0.049985879695001414	0.3445354419655465	0.5227336910477266	0	0	0.010731431798926857	0	0	0.000564812	0.003388873	0.000564812	0	0	0.001976843	0	0
ERR1678428	0.002457002	0.01048951	0.26488376488376486	0.36873936873936874	0.044131544	0	0	0.3085428085428085	0	0	0.000756001	0	0	0	0	0	0	0
ERR1678436	0.004014553	0.007088195	0.007840923	0.6302847823359679	0.3042905532555514	0	0	0.040020073	0	0	0.004892736	0.001003638	0	0	0	0	0.000564546	0
ERR1678443	0.029108635097493035	0.040529248	0.00856546	0.30174094707520893	0.5959610027855153	0.000278552	0.002089136	0.010376044568245125	0	0	0.000487465	0.010515320334261839	0	0	0	0.000348189	0	0
ERR1678466	0.024652994	0.050963331	0.025481666	0.44043919618810856	0.45763414128858504	0	0	0	0	0	0.000414336	0	0	0	0.000414336	0	0	0
ERR1678480	0.037345049	0.030284011	0.035462105758669385	0.23128824729326847	0.6547936607563157	0	0.003295151	0.007531775	0	0	0	0	0	0	0	0	0	0
ERR1841749	0.012224108658743633	0.002716469	0.003735144	0.698811545	0.16791171477079797	0	0.001018676	0.074023769	0	0	0.031918506	0.003904924	0	0.003735144	0	0	0	0
ERR1842120	0.035991351901309934	0.071982704	0.047055831	0.26491161134427066	0.5604731018695155	0	0	0.001907669	0	0	0.001271779	0.002416381	0	0.001907669	0	0	0.012081902581711814	0
ERR1842214	0.19911790017211703	0.017749569707401033	0.11273666092943202	0.046686746987951805	0.6200516351118761	0	0	0.000215146	0	0	0	0	0	0	0.003227194	0.000215146	0	0
ERR1842215	0.010507432086109688	0.010507432086109688	0.017426961	0.4044079958995387	0.5102511532547411	0	0	0.040235776524859046	0	0	0.001793952	0.002562788	0.000512558	0.000768836	0	0.001025115	0	0
ERR1842227	0.011603053435114504	0.007938931	0.002137405	0.49709923664122135	0.4396946564885496	0	0.003053435	0.017709923664122138	0	0	0.001526718	0.019236641221374046	0	0	0	0	0	0
ERR1842232	0.019022913964548204	0.003891051	0.015420089	0.3767113416918864	0.5578613633088342	0	0.001152904	0.010520247874333477	0	0	0.002017582	0.012826055627612049	0	0	0	0	0.000576452	0
ERR1842266	0.004071477	0	0.001583352	0.634698032	0.3449445826736033	0	0.002488125	0	0	0	0	0.011535851617281158	0	0	0.00067858	0	0	0
ERR1842271	0.021016617790811338	0.008308895	0.00342131	0.40982404692082114	0.5276148582600195	0	0	0.011974584555229716	0	0	0.002443793	0.014173998044965786	0	0.001221896	0	0	0	0
ERR1842280	0.12199312714776632	0.14733676975945018	0.058132875	0.054266895761741124	0.5857674684994273	0	0	0.001431844	0	0	0.003579611	0.026345933562428408	0	0	0	0.001145475	0	0
ERR1842297	0.039414414414414414	0.003603604	0.009234234	0.263963964	0.6286036036036036	0	0.002027027	0.010810810810810811	0	0	0.001351351	0.04009009	0	0	0	0.000900901	0	0
ERR1842326	0.058640049906425455	0.023289665211062592	0.007693907	0.24495737159492617	0.6431690580162196	0	0.002911208	0.00665419	0	0	0.005614473	0.00603036	0	0	0	0.001039717	0	0
ERR1842345	0.004325438	0.024716786817713696	0.026158599	0.37198764160659115	0.5676622039134912	0	0.000411946	0.001647786	0	0	0.003089598	0	0	0	0	0	0	0
ERR1842374	0.007793968	0.002372077	0.036767198	0.23009149440867502	0.6894273127753304	0	0	0.03354795	0	0	0	0	0	0	0	0	0	0
ERR1842384	0.004123089	0.030671762	0.015084473049074818	0.6016693483507642	0.33718825422365245	0	0	0.003921963	0	0	0.00734111	0	0	0	0	0	0	0
ERR1842397	0.009406074	0.008062349	0.010212308519215264	0.4404729911314163	0.5235151840902983	0	0.004568664	0.001881215	0	0	0.001343725	0	0.00053749	0	0	0	0	0
ERR1842414	0.054077840797965966	0.058087229	0.009290045	0.3649520829258752	0.4853315079209857	0	0	0.024056327009583416	0	0	0.004204968	0	0	0	0	0	0	0
ERR1842439	0.073877551	0.016326531	0.003673469	0.3379591836734694	0.563469388	0	0	0.002653061	0	0	0.002040816	0	0	0	0	0	0	0
ERR1842441	0.156140351	0.014766082	0.060526315789473685	0.044883041	0.6950292397660819	0	0	0.026608187134502925	0	0	0.002046784	0	0	0	0	0	0	0
ERR1842453	0.036227224	0.015005359056806002	0.010075027	0.3939978563772776	0.5196141479099678	0	0	0.003215434	0	0	0.007288317	0.01414791	0	0.000428725	0	0	0	0
ERR1842466	0.013514974591847768	0.03708509	0.016650449	0.2924640501675857	0.5923883663098714	0	0.002270516	0.012541896421234728	0	0	0.001189318	0.021948318737160775	0	0.009947021	0	0	0	0
ERR1842500	0.04678921	0.008355216	0.18214370971592264	0.411792791	0.3382668894724278	0	0	0.005968011	0	0	0.006684173	0	0	0	0	0	0	0
ERR1842532	0.006199854	0.016776075857038657	0.003099927	0.37363238512035013	0.5771334792122538	0	0	0.002917578	0	0	0.006929249	0.012035010940919038	0	0	0.000911743	0	0.000364697	0
ERR1842595	0.070809793	0.030131826741996232	0.019585687382297552	0.5849340866290019	0.27156308851224104	0.001883239	0	0	0	0	0.021092278719397364	0	0	0	0	0	0	0
ERR1842638	0.028910303928836176	0.009785026	0.052335063009636765	0.26893995552260935	0.5881393624907338	0	0	0.007116383	0	0	0.001630838	0.021497405485544848	0	0.017049666	0.001334322	0.000296516	0.002965159	0
ERR1842719	0.045768851	0.012183075403358577	0	0.24563714191636482	0.6947645702996378	0	0	0.001646362	0	0	0	0	0	0	0	0	0	0
ERR1842727	0.000492854	0.000821423	0	0.9157220305569246	0.081485132	0	0	0.001149992	0	0	0	0.000328569	0	0	0	0	0	0
ERR1842763	0.041736227045075125	0.007234279	0.001112966	0.11797440178074568	0.7612687813021702	0	0	0.015025041736227046	0	0	0.013355593	0	0	0.001112966	0	0.041179744017807454	0	0
ERR1842782	0.028108108	0.000540541	0	0.7289189189189189	0.21054054054054053	0	0.000540541	0.018918919	0	0	0.002702703	0.002972973	0	0.006756757	0	0	0	0
ERR1842803	0.014516129032258065	0.13010752688172042	0.001612903	0.2120967741935484	0.636021505	0	0	0.000268817	0	0	0.002688172	0.002688172	0	0	0	0	0	0
ERR1842807	0.027700831024930747	0.015927978	0.005540166	0.058518006	0.8549168975069252	0	0.000692521	0.006578947	0	0	0.013157894736842105	0.011426592797783934	0	0	0	0.003462604	0.000692521	0.001385042
ERR1842839	0.04233959	0.013967699694456569	0.10475774770842426	0.13225665648188564	0.6870362287210825	0	0.000872981	0	0	0	0.003055434	0.001745962	0.000872981	0.013094718463553033	0	0	0	0
ERR1842894	0.037429111531190926	0.014366729678638942	0	0.079017013	0.8593572778827977	0	0	0	0	0	0	0.009073724	0	0.000756144	0	0	0	0
ERR1842897	0.007692308	0.013333333333333334	0	0.17384615384615384	0.6482051282051282	0	0	0.13846153846153847	0	0	0.004615385	0.000512821	0	0.013333333333333334	0	0	0	0
ERR1843499	0.083458271	0.010494752623688156	0.019990005	0.248375812	0.29235382308845576	0	0	0.005497251	0	0	0	0.33983008495752126	0	0	0	0	0	0
ERR1843567	0.041084737270620654	0.020103964426629924	0.001002067	0.15557086490887456	0.7668942193273627	0	0.001753617	0.002379909	0	0	0	0.010208555144986534	0.000187888	0.000438404	0.000375775	0	0	0
ERR1843577	0.005499656	0.012749203174801575	0.00543716	0.7776388975689019	0.1879882507343291	0.001687395	0.000374977	0.001687395	0	0	0.006687082	0	0	0	0	0	0.000249984	0
ERR1843585	0.082284276	0.002002747	0.013103685053788052	0.4057564660105287	0.46509498741130695	0	0.001087205	0.026665140764476996	0	0	0.000572213	0.000286107	0	0.003032731	0	0	0.000114443	0
ERR1843590	0.047561644	0.022684931506849314	0.040657534246575346	0.068493151	0.8146849315068493	0	0.001205479	0.00230137	0	0	0.001863014	0.000547945	0	0	0	0	0	0
ERR1843605	0.026250345	0.010707377728654325	0.003039514	0.5463525835866262	0.3465045592705167	0.000690799	0.000414479	0.005664548	0	0	0.002970434	0.056714562	0	0.000690799	0	0	0	0
ERR1843616	0.020676908859882177	0.009125563	0.004389511	0.34030264525817255	0.6125678641561741	0	0.000577567	0.007739402	0	0	0.003465404	0.000577567	0	0.000577567	0	0	0	0
ERR1843625	0.1092724165842252	0.009353359	0.005755913	0.32736756902599157	0.45138951344545375	0	0.000179872	0.013400485655184818	0	0	0	0.069970321	0	0.013310549509848007	0	0	0	0
ERR1843666	0.007161305	0.002817563	0.003404555	0.369335525	0.5374501056586053	0	0	0.033693355	0	0.000939188	0.001760977	0.036628317	0	0.002700164	0.000352195	0.00305236	0	0.000704391
ERR1843671	0.023267205486162134	0.00481672	0.000408197	0.3356192342232019	0.5886194791411544	0	0.000326557	0.030288187	0.002040983	0	0.003183933	0.007674096	0.000408197	0.002530819	0	0.000489836	0	0.000326557
ERR1843682	0.03150435	0.002315464	0.015857423519506034	0.48224810552904857	0.4402890822340724	0	0.000982318	0.012278978388998035	0.000491159	0	0.000701656	0.011156328936289643	0.000982318	0	0	0.001192815	0	0
ERR1843703	0.019719129738776105	0.004293095	0.015134977806883504	0.22491450192825438	0.7087244415338718	0.002619515	0	0.014189041693953285	0	0	0.000727643	0.006257731	0	0.002546751	0.000291057	0	0.000582115	0
ERR1843705	0.037515807	0.020514261627090066	0.012716032035970212	0.33651819586904597	0.5767879724603063	0	0	0.00098356	0	0	0.009203316	0.00309119	0	0.002318393	0	0.000351272	0	0
ERR1843753	0.00499002	0.037386765	0.039613081529249194	0.5864424996161524	0.3112237064332873	0.000230309	0	0.008905266	0	0	0.007062797	0.004145555	0	0	0	0	0	0
ERR1843754	0.04808476	0.04808476	0.002444988	0.4127954360228199	0.3981255093724531	0	0.001629992	0.084759576	0	0	0	0	0	0.00407498	0	0	0	0
ERR1843766	0.060334629	0.073516985	0.007013689	0.17103261788068277	0.6876795673483184	0	0	0	0	0	0.000422511	0	0	0	0	0	0	0
ERR1843776	0.038938781	0.008843491	0.003770481	0.5727017207102214	0.35593336532528963	0	0.000205663	0.013847947	0.000137108	0	0.003496264	0.000411325	0.000342771	0	0.000205663	0.000959759	0.000205663	0
ERR1843797	0.00461437	0	0.009887937	0.013183915622940013	0.010547132	0	0	0.961766645	0	0	0	0	0	0	0	0	0	0
ERR1843812	0.022950113	0.028014222605322704	0.000323241	0.20881370541967462	0.7177028337463636	0	0.000430988	0.003124663	0	0	0.013360629	0.00215494	0.000323241	0	0.000430988	0.002370434	0	0
ERR1843819	0.082785808	0.008952037	0.003531537	0.11185939553219448	0.7374342969776609	0	0.000246386	0.002628121	0	0	0.001149803	0.049852168	0	0	0.000164258	0.001149803	0	0.000246386
ERR1843838	0.023070237813067867	0.012483210871454532	0.045429406652445284	0.33301730267835983	0.5732006004582445	0.000869084	0	0.009006874	0	0	0.001896184	0	0	0	0	0	0.0010271	0
ERR1843847	0.00327677	0.015096547688706847	0	0.7055588063194851	0.25014628437682856	0	0.000292569	0.008601521	0	0	0.000117028	0.016208309	0.000117028	0.000292569	0	0.000292569	0	0
ERR1845729	0.046431414	0.013929424250464313	0.003449191	0.2767312284425577	0.5640753515521358	0	0.002387901	0.001724595	0.000928628	0	0.00451048	0.078933404	0.000397984	0.000795967	0.002520562	0.003183868	0	0
ERR1845752	0.046875	0.010670731707317074	0.033917683	0.23742378048780488	0.651295732	0	0.00304878	0	0	0	0.016006098	0.000762195	0	0	0	0	0	0
ERR1845766	0.012973711164219871	0.001194947	0.001536361	0.5908159781495391	0.3484124274496415	0	0.000682827	0.028849437	0	0	0.012120178	0.003072721	0	0.000341413	0	0	0	0
ERR1845820	0.034745543787135104	0.003616637	0.003358305	0.5497287522603979	0.3630844742960475	0	0.000258331	0.040041333	0	0	0.000645828	0.002970809	0.000258331	0	0	0.001291656	0	0
ERR1845831	0.001440507	0.005762028	0.000576203	0.019734946701238838	0.017718236819360415	0	0	0.9442523768366465	0	0	0.001296456	0.008787093	0	0	0	0.000432152	0	0
ERR1845834	0.014834537847090148	0.011791555724610117	0.011918347	0.3682008368200837	0.5672625839989857	0	0.001014327	0.00684671	0	0	0.002282237	0.000507164	0	0.001267909	0	0.014073792	0	0
ERR1845893	0.054837641	0.027833001988071572	0.002982107	0.2882703777335984	0.5152418820410868	0.10387673956262425	0	0.004473161	0	0	0.001159708	0	0	0.000994036	0	0	0.000331345	0
ERR1845941	0.00064834	0.001599239	0.005057054	0.49338692946058094	0.13446576763485477	0.000172891	0.000216113	0.002117911	0	0	0.002809474	0.3590076071922545	0.000216113	0	0	0	0	0.000302559
ERR1845950	0.029793906810035842	0.006272401	0.002240143	0.3088037634408602	0.6290322580645161	0	0.003024194	0.001008065	0	0	0.000896057	0.017809139784946238	0	0.001120072	0	0	0	0
ERR1845961	0.016248967226659323	0.01019003	0.000688516	0.3804736987055907	0.480996971	0	0.00179014	0.001927844	0	0	0	0.1064445056458276	0	0.001239328	0	0	0	0
ERR1845976	0.003474903	0.047393822393822393	0.015444015444015444	0.3024131274131274	0.4752895752895753	0.00019305	0	0.006467181	0	0	0.009555985	0.13774131274131274	0	0.000772201	0	0.001061776	0.00019305	0
ERR1845992	0.048770084	0.2047490402388739	0.007393715	0.2255083179297597	0.47518839755438647	0	0.000426561	0.030427982368832648	0	0.000710934	0.000995308	0.004549979	0	0.000568747	0	0	0.000710934	0
ERR1845999	0.036492097020904654	0.006336951	0.003787603	0.33563988637191344	0.5435210139121568	0	0.000582708	0.05943623	0	0	0.001019739	0.012746740476363901	0	0	0	0	0.000437031	0
ERR1846015	0.047086415298574776	0	0.018401587587948763	0.13133682121594803	0.7521197907270432	0	0.003427747	0.026880750496121233	0	0.000541223	0.005412232	0.014793433158939202	0	0	0	0	0	0
ERR1846023	0.011847065158858373	0.061927841	0.014001077005923533	0.5368874528809908	0.34518039849219173	0	0	0.030156165858912225	0	0	0	0	0	0	0	0	0	0
ERR1846052	0.058634339	0.050222662048490845	0.016575952498762987	0.3770410687778328	0.45843641761504206	0	0.001979218	0.026719445818901535	0	0	0.00222662	0.008164275	0	0	0	0	0	0
ERR1846070	0.00524055	0.030154639175257732	0.013831615120274914	0.5904639175257732	0.2836769759450172	0	0.000257732	0.00661512	0	0	0.000257732	0.069501718	0	0	0	0	0	0
ERR1846124	0.038744013	0.000638638	0.004044705	0.5434805747738158	0.3573177221926557	0	0.000319319	0.008834486	0	0	0.001170836	0.042469399	0	0.000319319	0.000532198	0.002128792	0	0
ERR1846149	0.012129380053908356	0.004872486	0.021978022	0.6509433962264151	0.3020941322828115	0.002384408	0.00051835	0.003213767	0	0	0.000933029	0.00020734	0	0	0	0	0.000725689	0
ERR1846180	0.056980057	0.051282051	0.010446343779677113	0.23931623931623933	0.5527065527065527	0	0	0.007597341	0	0	0.006647673	0.073124406	0	0.001899335	0	0	0	0
ERR1846187	0.035553329994992486	0.030545818728092138	0.00450676	0.6049073610415624	0.3069604406609915	0	0	0.014521782674011016	0	0	0.003004507	0	0	0	0	0	0	0
ERR1854671	0.018474974806852538	0.003291905	0.04628821	0.3224722875377897	0.587033927	0.001343635	0.001142089	0.005508902	0	0	0.004635539	0.003291905	0.000335909	0.001813907	0.001007726	0.002485724	0.000671817	0.000201545
ERR1854673	0.001461211	0.001594049	0.000929862	0.8028692879914984	0.16246014877789586	0	0	0.009962806	0	0	0.003453773	0.00411796	0	0.012752391073326248	0	0	0.000398512	0
ERR1854696	0.001780717	0.029424235	0.011871449164758754	0.2116509793945561	0.4777410328160773	0	0.001102349	0.002628678	0	0	0.00042398	0.2579496311371152	0	0	0.000339184	0.005087764	0	0
ERR1854816	0.021076816	0.016681650184796722	0.015033463	0.44890620317650587	0.4617420837079213	0	0.000249725	0.00434522	0.000149835	0	0.017480771151733094	0.01213665	0.00019978	0	0.00039956	0.001598242	0	0
ERR2032137	0.005223792	0.010210139	0.001780838	0.4697851121928054	0.5027899798171673	0	0	0.001187225	0	0	0.002730619	0.00557996	0	0	0.000712335	0	0	0
ERR2032147	0.038029465930018415	0.008655617	0.002992634	0.33222836095764274	0.41104972375690607	0	0.001012891	0.004604052	0.001243094	0	0.004558011	0.18540515653775322	0.000414365	0.001979742	0.001012891	0.002071823	0	0.004742173
ERR2032183	0.00869704	0.024495332322668158	0.003351153	0.23051144977260032	0.7250458788797575	0	0.001117051	0.005266098	0	0	0.000638315	0.000877683	0	0	0	0	0	0
ERR2032192	0.007994439	0.010079944	0.00983167	0.45682506579274046	0.5005710313322409	0	0.000546204	0.004369631	0	0	0.003475843	0.003028949	9.930979691146532e-05	0.000993098	0.000397239	0.001539302	0.000248274	0
ERR2032214	0.008101852	0.002546296	0.026041666666666668	0.7049768518518519	0.2454861111111111	0	0	0.012847222222222222	0	0	0	0	0	0	0	0	0	0
ERR2032267	0.010712287	0.019825725477656087	0.000239827	0.6203533455911744	0.2899512351107203	0	0	0.038931969	0	0	0.01998561	0	0	0	0	0	0	0
ERR2032277	0.022403072421360644	0.006446598	0.00082297	0.5176024140453548	0.4093361375274323	0	0.000640088	0.022174469641550842	0.000685808	0	0.005074982	0.014173372348207754	0.000137162	0	0.000320044	9.1441111923921e-05	0	9.1441111923921e-05
ERR2032293	0.064739204	0.005885382	0.054660487	0.40793055249025234	0.4052085632310748	0	0.000441404	0.026557787096299565	0	0	0.002133451	0.021555212	0	0.010299418818509527	0.000147135	0.000441404	0	0
ERR2032297	0.005786527	0.003333543	0.007107365	0.49078558399899364	0.4682684445562614	0	0.000314485	0.010566702308321277	0	0	0.000691867	0.011321466758915655	0	0.000754764	0	0	0.00106925	0
ERR2032308	0.004806709	0.011965637	0.013601963591736552	0.5167723460830436	0.39629781141337694	0	0	0.036817345	0	0	0.001534056	0.000306811	0	0.015647371650644303	0.001636326	0	0	0.000613622
ERR2032315	0.016717249614408677	0.007512812	0.00776158	0.5983382257823773	0.3583262848897955	0	0	0.002985223	0	0	0.0060202	0	0	0	0	0	0.002338425	0
ERR2032329	0.009438832	0.016149251530123147	0.007964014	0.8389499299461691	0.11746921318486837	0	0	0.009881277	0	0	0	0	0	0	0	0	0.000147482	0
ERR2032349	0.020023999	0.021373931303434828	0.027673616319184042	0.34513274336283184	0.5587220638968051	0.000674966	0	0.023773811	0	0	0.000974951	0.000524974	0	0	0.00059997	0	0.000524974	0
ERR2032358	0.001339849	0.023171500630517025	0.001103405	0.8377206809583859	0.12366015132408575	0	0.000788146	0.010324716267339218	0	0	0	0.001655107	0	0	0.000236444	0	0	0
ERR2032375	0.002948983	0.004865821	0.00258036	0.7020790327337069	0.2743291064582719	0	0.000147449	0.012017104099085815	0	0	0.000368623	0	0	0	0.000368623	0	0.000294898	0
ERR2032381	0.010901975	0.024692508386134925	0.039694372	0.37784196794632874	0.5358740216175922	0	0.000465896	0.008479314	0	0	0.001118151	0.000931793	0	0	0	0	0	0
ERR2032400	0.004286494	0.00685839	0.001169044	0.6594965318369573	0.2854804769698387	0	0	0.042475255241212685	0	0	0	0.000233809	0	0	0	0	0	0
ERR2032564	0.019821372610466938	0.003055469	0.002036979	0.7192886242557192	0.22610466938263868	0	0.000235036	0.011673456596678157	0	0	0.000235036	0.017157630836728298	0	0	0	0.000391727	0	0
ERR2032579	0.011281620068670731	0.000490505	0.00546563	0.37033144138462615	0.5873449653142737	0	0.002312382	0.013664073996216103	0	0	0	0.007147362	0	0.00161166	0.000140144	0	0.000210217	0
ERR2032606	0.15919354838709676	0.013548387096774193	0.002419355	0.2506451612903226	0.445	0	0.001935484	0.015	0	0	0.007580645	0.099193548	0	0.002741935	0.000322581	0.002419355	0	0
ERR2032722	0.015844098487357846	0.019377277	0.013359832174009054	0.30429502042618967	0.6305619962459976	0	0.000607265	0.004968533	0	0	0.004361268	0.005465386	0	0	0	0.001159324	0	0
ERR2032752	0.023290112456215817	0.010016591900694401	0.012351748294721318	0.072266945	0.8745160695630799	0	0.000983224	0.00454741	0	0	0.000737418	0.000184354	0	0.000122903	0	0	0.000983224	0
ERR2032787	0.029228855721393034	0.012230514096185738	0.006374378	0.2638888888888889	0.5821932006633499	0	0.000414594	0.008654643	0	0	0.001658375	0.09509743	0	0.000103648	0.000155473	0	0	0
ERR2032806	0.10163024627124523	0.033645508	0.00381547	0.41935483870967744	0.37114117238987165	0	0	0.00763094	0	0.000693722	0	0.061047519944502256	0	0	0.001040583	0	0	0
ERR2032807	0.007808509	0.019484784	0.008757206	0.52535941	0.4341385098153689	0	0.001313581	0.001459534	0	0	0.001386558	0.000291907	0	0	0	0	0	0
ERR2032819	0.004656994	0.000179115	0.000447788	0.4464445638545585	0.32715385993193624	0	0	0.03707684	0	0	0.001074691	0.007075049	0.000179115	0.1734730431667562	0	0.001432921	0	0.000806018
ERR2032829	0.000976835	0.005721462	0.002721183	0.9318308679877197	0.05554005	0	0	0.002860731	0	0	0.00034887	0	0	0	0	0	0	0
ERR2032833	0.067017712	0.12685495452369555	0.013563108345300782	0.3706717727780437	0.39827668741024413	0	0	0.008616563	0	0	0.006382639	0.000478698	0	0	0.003670018	0.004467847	0	0
ERR2032853	0.012258842443729904	0.000602894	0.00216037	0.5007033762057878	0.4565413987138264	0	0.000150723	0.001004823	0	0.000150723	0	0.026225884244372992	0.000200965	0	0	0	0	0
ERR2032868	0.004585153	0.006331878	0.004475983	0.41713973799126636	0.5332969432314411	0	0.000218341	0.014410480349344978	0	0.000982533	0.002729258	0.015611353711790394	0	0	0.000218341	0	0	0
ERR2032943	0.24556795797767564	0.029875246224556794	0.2724885095206829	0.091267236	0.3302692055154301	0	0	0.020026263952724884	0	0	0.000984898	0.001313198	0	0	0.004596192	0.003611293	0	0
ERR2032949	0.028204371	0.004282339	0.00516834	0.22371529828706438	0.6755759007678677	0	0.000738334	0.016391021854695806	0	0	0.001033668	0.040756054341405785	0	0.000738334	0.001329002	0.002067336	0	0
ERR2033622	0.001487357	0	0.001322096	0.002313667	0.003305239	0	0	0.991571641	0	0	0	0	0	0	0	0	0	0
ERR2033626	0.006486117	0.007055075	0.003641329	0.6676149294492489	0.3051888939462904	0	0.000227583	0.004551661	0	0	0.000796541	0.001593081	0	0.002844788	0	0	0	0
ERR2056803	0.064861461	0.011335012594458438	0.010705289672544081	0.5969773299748111	0.2594458438287154	0	0	0.039672544080604534	0	0	0.013853904282115869	0	0	0	0.003148615	0	0	0
ERR2056812	0.010495328298988865	0.018814795853065405	0.004607705	0.627799821	0.1107129143734801	0	0	0.22488160757711506	0	0	0.001343914	0.00108793	0.000127992	0	0	0.000127992	0	0
ERR2056895	0.068821689	0.002085506	0.015400658	0.3833319964706826	0.2675062164113259	0.000641694	0	0.021336328	0	0	0.000962541	0.2399133713002326	0	0	0	0	0	0
ERR2056943	0.012826215895610914	0.00051898	0.001779359	0.3847864768683274	0.28128706998813763	0.00029656	0	0.003632859	0	0	0.004522539	0.3097568208778173	0	0	0	0	0.00059312	0
ERR2056988	0.017870819504723003	0.033954557058973704	0.002042379	0.5432729129435793	0.3579269849374521	0	0	0.043655859	0	0	0.001276487	0	0	0	0	0	0	0
ERR2057048	0.037414579	0.1312642369020501	0.049145786	0.34083143507972663	0.4191343963553531	0	0	0.000512528	0	0	0.002505695	0.019191344	0	0	0	0	0	0
ERR2057053	0.016824266	0.000491219	0.019403168365467273	0.3339064226943387	0.6120594375537272	0	0.000491219	0.005771829	0	0	0.003192926	0.007859511	0	0	0	0	0	0
ERR2057057	0.026474127557160047	0.008691001	0.002540447	0.7617328519855595	0.19574809466506218	0	0	0.003610108	0	0	0.000401123	0.000802246	0	0	0	0	0	0
ERR2057059	0.007330677	0.014820717131474103	0.0012749	0.15075697211155378	0.8224701195219124	0	0	0.001752988	0	0	0	0.001115538	0	0	0.000478088	0	0	0
ERR2057103	0.025655156	0.042738183	0.006551555	0.189321577	0.698261083	0	0.000612295	0.031165809453832967	0	0	0.001775655	0.002571639	0	0.000122459	0	0.00122459	0	0
ERR2057109	0.002386935	0.010552763819095477	0.000376884	0.8491834170854271	0.1329145728643216	0	0.00031407	0.000879397	0	0	0.00031407	0.003077889	0	0	0	0	0	0
ERR2057131	0.009163551	0.003592112	0.007037607	0.7153434498937028	0.23641961733010777	0	0	0.014588373286415952	0	0	0.001466168	0.012389121032182392	0	0	0	0	0	0
ERR2057133	0.13865636402661516	0.0515132	0.01159047	0.2112041210560206	0.5823138012449023	0	0	0.000429277	0	0	0.002146383	0.000858553	0	0	0	0.00128783	0	0
ERR2057143	0.012168543407192154	0.027485167695846954	0.010231262864753602	0.062840538	0.8735924446058845	0	0	0.005448602	0	0	0.00036324	0.007325342	0	0	0.00054486	0	0	0
ERR2057155	0.045255404	0.040152135	0.025516344903952628	0.2782725915940494	0.6101295074863993	0	0	0.000577729	0	0	0	0	0	0	9.628809397717973e-05	0	0	0
ERR2057163	0.02661832	0.016317112365569243	0.004656146	0.7617948823602126	0.18599859903580698	0	0	0.003914459	0	0	0.000494458	0.000206024	0	0	0	0	0	0
ERR2057166	0.048020846258841045	0.032013897505894034	0.007072838	0.7033130661372379	0.18141208586673285	0	0	0.005459734	0	0	0.007445092	0.015262439508623899	0	0	0	0	0	0
ERR2057175	0.005783929	0.010328445	0.015854162	0.1722268126420161	0.7096157818632514	0	0.000413138	0.002943607	0	0	0.002375542	0.079942161	0.000103284	0.000309853	0.000103284	0	0	0
ERR2057191	0.010141421659843691	0.010234462225530332	0.005675475	0.32666542612579086	0.6221622627465575	0	0.000372162	0.009304057	0	0	0.000558243	0.000279122	0	0.009304057	0.005303312	0	0	0
ERR2057215	0.012950601	0.006875834	0.000267023	0.6506008010680908	0.3066088117489987	0	0.001134846	0.014285714285714285	0	0	0.001201602	0	0	0.006074766	0	0	0	0
ERR2057226	0.020423892	0.1252408477842004	0.003082852	0.23815028901734103	0.5953757225433526	0	0	0.013872832369942197	0	0	0.003853565	0	0	0	0	0	0	0
ERR2091828	0.10807518273581622	0.020187957	0.002610512	0.3136094674556213	0.5431604594500522	0	0.000348068	0.002784546	0	0.001392273	0.002088409	0.005046989	0.000348068	0	0	0.000348068	0	0
ERR2091841	0.015020482476103778	0.017979062357760582	0.013199817933545745	0.7467000455166135	0.20414201183431951	0	0	0.000910332	0	0	0	0.001365498	0	0.000682749	0	0	0	0
ERR2091846	0.010603320729903009	0.009452573	0.000821963	0.4278316620088772	0.5385500575373993	0	0.000410981	0.004520796	0	0.001150748	0.001315141	0.00509617	0	0	0	0	0.000246589	0
ERR2091863	0.020089178693004747	0.005082227	0.003212351	0.5224624826197439	0.4158795608189097	0	0.000527401	0.026322098096562305	0	0	0.002493168	0.000191782	0.000143837	0.003308242	0	0	0.000287673	0
ERR2091882	0.002592047	0.015787923416789397	0.01808542	0.6974374079528719	0.22480117820324005	0	0	0.025979381	0	0	0.000648012	0	0	0	0	0	0.014668630338733432	0
ERR2091892	0.049767682	0.031905008	0.004543108	0.18729994837377387	0.6886938564790914	0	0.001961797	0.014248838409912236	0	0	0.000206505	0.020289106866288074	0	0.000877646	0.000206505	0	0	0
ERR2091905	0.004606172	0.035191156	0.001013358	0.8438968217411331	0.11087056655918931	0	0.001013358	0.002901889	0	0	0	0.000506679	0	0	0	0	0	0
ERR2091906	0.026707335217973516	0.017705698556762385	0.002901354	0.39696473739026933	0.5261121856866537	0	0.001190299	0.016515399	0	0	0.003496503	0.001711055	0	0.006546645	0.000148787	0	0	0
ERR2091924	0.0090938	0.011764705882352941	0.005151033	0.2841971383147854	0.6859777424483307	0	0	0.000699523	0	0	0.00127186	0.001844197	0	0	0	0	0	0
ERR2091925	0.013879110932314191	0.004525797	0.009906467	0.09680177	0.870260485	0	0.000704013	0.002061752	0	0	0.001609172	0.000251433	0	0	0	0	0	0
ERR2091929	0.096683	0.018846588767433094	0.10959291368262344	0.2960799095363739	0.4744628722201282	0	0	0.002261591	0	0	0.000376932	0.000753864	0	0	0.000188466	0.000753864	0	0
ERR2091941	0.015026006549797726	0.011365825467154691	0.00866885	0.7422461953380851	0.20150260065497977	0	0	0.001541129	0	0	0.009246773	0.009824697	0	0	0.000577923	0	0	0
ERR2091975	0.046569647	0.031719632	0.006771607	0.34333234333234336	0.5658449658449658	0	0.0004752	0.003445203	0	0	0.001841402	0	0	0	0	0	0	0
ERR2091978	0.005224804	0.008180943	0.005431046	0.4918190567853705	0.46913240753471747	0	0.000137495	0.000618727	0	0	0.003643613	0.015811907053485494	0	0	0	0	0	0
ERR2092000	0.019948899	0.005945362	0.015919811320754717	0.099941038	0.7981033805031447	0	0.000147406	0.017688679	0.002898978	0	0.005601415	0.027712264150943397	9.827044025157233e-05	0.000294811	0.000737028	0.001375786	0.003586871	0
ERR2092026	0.076502732	0.009367681	0.00078064	0.40749414519906324	0.4785323965651834	0	0	0.014051522	0	0	0.00078064	0.00078064	0.00078064	0.004683841	0.006245121	0	0	0
ERR2092039	0.030288909599254427	0.000133138	0.011383304486752763	0.14032751963786447	0.7901078418319798	0	0.000332845	0.011649580615097856	0	0	0.007256024	0.006257489	0	0.002263347	0	0	0	0
ERR2092054	0.081641659	0.01059135	0.080317741	0.15136804942630186	0.6703442188879082	0	0	0.00353045	0	0.001323919	0	0.000882613	0	0	0	0	0	0
ERR2092062	0.034406474	0.001455435	0.003085521	0.24940327181696453	0.6683937823834197	0	0	0.00867439	0	0	0.009547651	0.023927345	0.000116435	0	0.000116435	0.000465739	0	0.000407522
ERR2092065	0.012500651075576854	0.006250326	0.001354237	0.17881139642689722	0.7978540548986927	0	0	0.000208344	0	0	0	0.003020991	0	0	0	0	0	0
ERR2092102	0.029519216717813823	0.006137659	0.006356861	0.3578839690194359	0.5494666082127722	0	0.00138828	0.045886307	0	0	0.000438404	0.000584539	0.000219202	0	0	0	0.002118954	0
ERR2092105	0.012672043	0.010004244224822652	0.067180016	0.2205784272115443	0.6885345298005214	0	0.00066695	0	0	0.000242527	0	0.000121264	0	0	0	0	0	0
ERR2092140	0.006403152	0.012190616919098634	0.0009851	0.33936707302056396	0.5782539096170423	0	0.001108238	0.036325576	0	0	0.003940401	0.014283955177933752	0	0.004925502	0.000369413	0.000369413	0.000615688	0.000861963
ERR2092182	0.013838357588357589	0.003118503	0.000519751	0.619412682	0.3302364864864865	0	0.001169439	0.012344074844074845	0	0	0	0.000714657	0.000129938	0.018386174636174635	0.000129938	0	0	0
ERR2092243	0.013980148	0.004194044	0.010415210401230253	0.755277506	0.1907591220466937	0.000349504	0	0.023556549699426815	0	0	0.001467916	0	0	0	0	0	0	0
ERR2092284	0.003106263	0.033879939319511665	0.005345662	0.49902477786606947	0.3459510221772737	0	0.00108358	0.002094922	0	0	0	0.10951383370656649	0	0	0	0	0	0
ERR2092304	0.018991137	0.002265609	0.002931965	0.534550543	0.38881855134270676	0	0.000133271	0.037982275	0	0.000333178	0	0.009795429	0.000133271	0.003931499	0	0.000133271	0	0
ERR2092308	0.010096760622633571	0.021623896	0.000841397	0.7787126630206143	0.1796381994110223	0	0	0.009087085	0	0	0	0	0	0	0	0	0	0
ERR2092348	0.007796145	0.000144373	0.003681513	0.6999927813470006	0.2294087923193532	0	0	0.056088933804951994	0	0	0.002309969	0.000577492	0	0	0	0	0	0
ERR2092352	0.009937145	0.002454355	0.002693804	0.5198443579766537	0.1336126908111344	0	0	0.007363065	0	0	0.001975456	0.32140077821011676	0	0.000718348	0	0	0	0
ERR2092358	0.08905294	0.008379888	0.019420059	0.19027666932694864	0.6268954509177973	0	0.000465549	0.022612397	0	0	0.009510508	0.011372706	0.000997606	0.01848896	0.001197127	0.001197127	0	0.000133014
ERR2092374	0.052729351	0.008716776	0.006239878	0.20605887396398972	0.6996760979327427	0	0.001857674	0.014575593026579023	0	0	0.000571592	0.005239592	0	0	0	0	0.004334572	0
ERR2092414	0.006880363	0.034401813177918086	0.005018617	0.6578436134045653	0.25497814473045166	0.000161891	0	0.036749231	0	0	0.003561599	0.000161891	0	0	0.000242836	0	0	0
ERR2092422	0.00524836	0.023102155576382382	0.000984067	0.694236176	0.26321462043111526	0	0.000187441	0.007169634	0	0	0.002483599	0.003045923	0	0.000328022	0	0	0	0
ERR2092452	0.016979591836734694	0.001632653	0.001469388	0.657795918	0.310530612	0	0.000489796	0.005469388	0	0	0	0.000244898	0	0.005142857	0	0	0.000244898	0
ERR2092460	0.011526078557630394	0.035157759	0.011719253058596266	0.7405666452028332	0.1724404378622022	0	0	0.027688345138441726	0	0	0.000708307	0	0	0	0	0	0.000193175	0
ERR2092465	0.011232901530935773	0.000996467	0.002264698	0.8103994927076728	0.16577588549687472	0	0	0.005707039	0	0	0.003623517	0	0	0	0	0	0	0
ERR2092468	0.016269782576541932	0.014790711433219937	0.023665138	0.31341517526993046	0.622393137	0	0	0.003106049	0	0	0.0020707	0.004289306	0	0	0	0	0	0
ERR2303846	0.016247989796484223	0.004879942	0.000665447	0.1365274774025398	0.10868962457716409	0	0	0.7302722786003438	0	0	0.000388177	0.002329063	0	0	0	0	0	0
ERR2303847	0.021108922037714608	0.041936392	0.030959752321981424	0.5212496481846327	0.37320574162679426	0	0	0.010695187	0	0	0	0	0	0	0.000844357	0	0	0
ERR2303855	0.00766589	0.016558322	0.013614620385134306	0.6673003802281369	0.2925303569238317	0	0	0.001839814	0	0.000490617	0	0	0	0	0	0	0	0
ERR2303874	0.037693299	0.068943299	0.3869201030927835	0.2551546391752577	0.23195876288659795	0	0	0.015786082474226804	0	0	0	0.003543814	0	0	0	0	0	0
ERR2303914	0.064578984	0.044398051	0.004175365	0.5196938065414057	0.35198329853862215	0	0	0.011412665274878218	0	0	0.000695894	0.003061935	0	0	0	0	0	0
ERR2303916	0.054883319	0.007922789	0.030754825698645922	0.25165658311725725	0.6388648804379141	0	0.000648228	0.012892538	0	0	0.000792279	0.000792279	0	0.000792279	0	0	0	0
ERR2303939	0.011711711711711712	0.018693693693693694	0	0.35765765765765767	0.48423423423423423	0	0.001351351	0.028603603603603603	0	0.00045045	0.004504505	0.092117117	0	0.000675676	0	0	0	0
ERR2303967	0.045360825	0.015979381443298968	0.004123711	0.043298969	0.8912371134020619	0	0	0	0	0	0	0	0	0	0	0	0	0
ERR2303978	0.065587734	0.041577939	0.042003833	0.4326022146507666	0.41104131175468483	0	0.000532368	0.00282155	0	0	0.000532368	0.003140971	0	0	0.00015971	0	0	0
ERR2303985	0.051321928	0.007290047	0.014920295489891135	0.10658048211508554	0.8111391912908242	0	0.001312208	0.004325428	0	0	0.001020607	0.000243002	0.000194401	0.001458009	0	0	0.000194401	0
ERR2303997	0.006331143	0.19947106908158357	0.00232409	0.4047122936368008	0.2793716941817599	0.000160282	0.000160282	0.022679916653309824	0	0	0.003766629	0.0810226	0	0	0	0	0	0
ERR2304013	0.010346510492923377	0.025475841874084918	0.006539776	0.6673499267935579	0.2537823328452904	0	0.000488043	0.028111273792093706	0	0	0.003416301	0.004294778	0	0	0.000195217	0	0	0
ERR2304044	0.025378632828489563	0.090871879	0.004093328	0.5051166598444535	0.3622595169873107	0	0.001227998	0.005730659	0	0	0	0.005321326	0	0	0	0	0	0
ERR2304060	0.015385912	0.004594697	0.001686127	0.44029001391055095	0.4848459301100198	0.000505838	0	0	0	0	0.002065506	0.049993677	0	0	0	0	0	0.000632298
ERR2304068	0.15768001631875977	0.004147685	0.41279662745631335	0.00183586	0.011219147344801795	0	0	0.41232066362956415	0	0	0	0	0	0	0	0	0	0
ERR2304101	0.15114109372757284	0.02870676	0.004306014	0.17855604994976318	0.5913592651069327	0	0.000956892	0.004640926	0	0	0.00363619	0.036361896559973204	9.56892014736137e-05	0	0	0	0.000239223	0
ERR2304102	0.014117064311070751	0.00181623	0.006109139	0.6247832906794353	0.29728390984892267	0.000247668	0	0.002806902	0.000165112	0	0.007264922	0.045405762	0	0	0	0	0	0
ERR2304177	0.029135165037801954	0.004241195	0.012354785	0.4313110824267011	0.49880140143831825	0	0.000737599	0.006822792	0	0.002028398	0.002581597	0.011985986	0	0	0	0	0	0
ERR2304182	0.033238509	0.008683935	0.000598892	0.5488845635574188	0.3909267854469232	0	0	0.016469531366971102	0	0	0.000598892	0.000598892	0	0	0	0	0	0
ERR2306107	0.019257086999022482	0.006891496	0.006695992	0.5264907135874878	0.3852394916911046	0	0	0.025513196480938416	0	0	0.008651026	0.020478983382209187	0	0.000782014	0	0	0	0
ERR2306122	0.009579462	0.022128556375131718	0.002011687	0.13325031133250312	0.17051441708975956	0	0	0.660024907	0	0	0.002011687	0.000478973	0	0	0	0	0	0
ERR2306129	0.009736968	0.006064084	0.009928264	0.34161645145863223	0.2348158775705404	0	0.000210426	0.001779053	0	0	0.002525108	0.3849832615973219	7.651841224294596e-05	0.000133907	0	0.007881396	0.000153037	9.564801530368245e-05
ERR2306170	0.006450787	0.039421477	0.052451043	0.3916549340842186	0.506770767	0	0.000102393	0.000972738	0	0	0.001791885	0	0	0	0.000383975	0	0	0
ERR2306177	0.013567669354449327	0.000724253	0.003862682	0.6132489981169427	0.2709671189223118	0	0	0.093332046	0	0	0.000917387	0.003379846	0	0	0	0	0	0
ERR2306210	0.013156628052498155	0.026666239	0.018547636620351058	0.25100279177229406	0.6254853512177904	0	0.001347752	0.003561916	0	0	0.000352983	0.057824985	0.000160447	0.000417161	6.417867342682027e-05	0.001411931	0	0
ERR2306214	0.004933658	0.000482869	0.0014696	0.7458851192475646	0.1752603291904602	0.000125966	0	0.00205744	0	0	0.00621431	0.061786194	0	6.298286865972456e-05	0.000923749	0	0.000797783	0
ERR2306256	0.028036624236149176	0.005562661	0.001888057	0.39833932232982117	0.53377185	0	0.002639219	0.012201311488722414	0.000385732	0	0.00205047	0.006070203	0.00024362	0.006192013	0.001055688	0.001136894	0	0.000426335
ERR2306258	0.024207903168387328	0.005161979	0.003203987	0.049661801	0.15147739409042363	0	0	0.7383410466358135	0	0	0.001067996	0.026877892488430047	0	0	0	0	0	0
ERR2308516	0.012967715790895583	0.026745914	0.016885046602728625	0.28866675672024855	0.6331892476023234	0	0.001485884	0.009995948	0	0	0	0.010063488	0	0	0	0	0	0
ERR2308517	0.10904733373277412	0.009586579	0.009586579	0.05612143	0.7519472738166567	0	0	0	0	0	0	0.063710805	0	0	0	0	0	0
ERR2308548	0.025977504017139795	0.0057579	0.007498661	0.563738618	0.38618103910016066	0	0.000267809	0.006963042	0	0	0.002811998	0.000401714	0	0	0.000401714	0	0	0
ERR2308587	0.058220773171867725	0.003493246	0.004657662	0.5910572892408011	0.3288309268747089	0	0	0.011877037727061016	0	0	0.001164415	0.000698649	0	0	0	0	0	0
ERR2308600	0.070779948	0.033835054	0.008458764	0.3889787286975992	0.46883940788655304	0	0.000746361	0.024505536	0.001865904	0	0	0	0	0.001990297	0	0	0	0
ERR2308631	0.022396694214876032	0.000330579	0.00322314	0.397603306	0.5427272727272727	0.000413223	0.000495868	0.01231405	0	0	0.007190083	0.012479338842975207	0.000413223	0.000413223	0	0	0	0
ERR2308643	0.014450167663428631	0.004597781	0.021606111936944724	0.34383102291976353	0.6062156462820203	0	0	0.00788191	0	0	0.000380268	0.000933384	0	0	0.000103709	0	0	0
ERR2308644	0.007309232	0.016256217396578915	0.012131506	0.33798374378260343	0.6117311658376805	0	0.000212301	0.001698411	0	0	0.000636904	0.011979861700837074	0	0	6.0657527599175054e-05	0	0	0
ERR2308647	0.007517972	0.007847226	0.007682599	0.6522526477528399	0.28892059485265875	0	0.000713384	0.032486418	0	0.000493881	0.001481644	0	0.000164627	0	0.000439006	0	0	0
ERR2308691	0.010455445544554456	0.006019802	0.000158416	0.5593663366336634	0.37433663366336634	0	0	0.00190099	0	0	0.002138614	0.045386138613861385	0	0	0.000237624	0	0	0
ERR2308708	0.06556701	0.011546392	0	0.34103092783505157	0.4952577319587629	0	0	0.029278350515463916	0	0	0.002474227	0.054845361	0	0	0	0	0	0
ERR2308711	0.013838915029061722	0.011071132023249377	0.001937448	0.1898699141987268	0.543039026	0	0	0.23166343758649321	0	0	0	0.007196236	0	0.001383892	0	0	0	0
ERR2308712	0.032470481380563125	0.019754768392370572	0.000454133	0.3844232515894641	0.5165758401453224	0	0.002043597	0.028610354	0	0	0.002951862	0.011353315168029064	0	0.001362398	0	0	0	0
ERR2308719	0.01346781	0.027207392197125257	0.00271772	0.5320086967025003	0.40007851189757215	0	0.00184201	0.017212223698514315	0	0.000211378	0.005163667	0	0	0	9.059065104481218e-05	0	0	0
ERR2308779	0.055503292568203196	0.13405456255879586	0.009877705	0.4238005644402634	0.255409219	0	0	0.015051740357478834	0	0	0.015992474	0.088899341	0	0	0	0	0	0.001411101
ERR2308806	0.01099537	0.14351851851851852	0.039609053	0.22061471193415638	0.560570988	0	0.000128601	0.004501029	0	0	0.011445473251028807	0.001093107	0	0	0.007523148	0	0	0
ERR2308816	0.00163407	0.020170556094571822	0.003166011	0.7503446867180718	0.18990961548281673	0	0	0.032017566	0	0	0.000970229	0.001787264	0	0	0	0	0	0
ERR2308821	0.007261758	0.014970394369344208	0.000949615	0.6066919897218188	0.35213942576248464	0	0.000167579	0.013573902357278516	0	0	0.003686739	0.000111719	0	0.000446877	0	0	0	0
ERR2308895	0.014158086008479709	0.004391278	0.001438522	0.49644155057540884	0.45919139915202906	0	0.00136281	0.014158086008479709	0.00045427	0	0.002498486	0.000832829	0	0.004391278	0.000529982	0	0	0.000151423
ERR2308929	0.00268244	0.005915125	0.017057569296375266	0.3873718962789738	0.4801568195886925	0	0.000137561	0.061627347135291284	0	0	0.003301465	0.011761469151936172	0.000206342	0.029438063140518604	0	0	0	0.000343903
ERR2308937	0.006384102	0.046464743435894976	0.003168051	0.6304900878414055	0.3025488407814525	0	0	9.600153602457639e-05	0	0	0.00686411	0.003984064	0	0	0	0	0	0
ERR2309199	0.028848290883228874	0.008267769	0.003422679	0.6383073298662044	0.31413077299195447	0	8.890074232119839e-05	0.003289327	0	8.890074232119839e-05	0.002933724	0.000622305	0	0	0	0	0	0
ERR2309410	0.00354771	0.03164557	0.002951694	0.5587216892774025	0.37900891184651186	0	0.000255435	0.022307998	0	0	0.001504229	5.6763353578929446e-05	0	0	0	0	0	0
ERR2313983	0.14022718370544457	0.007442225	0.006854681	0.28300039169604385	0.5616921269095182	0	0	0.000391696	0	0	0	0.000391696	0	0	0	0	0	0
ERR2314001	0.096290815	0.003144945	0.00397743	0.6074368698547775	0.20284895014337248	0	0	0.009804828	0	0	0.006197392	0.069928776	0	0	0.000369994	0	0	0
ERR2314003	0.069222577	0.00798722	0.004437345	0.23429179978700745	0.49769258075967343	0	0.000532481	0.024671636492722755	0	0	0.010294639687610933	0.15033723819666311	0	0	0	0	0.000532481	0
ERR2314020	0.029801567	0.004027239	0.003148568	0.300871348	0.6585633740938712	0	0.000659003	0.001903786	0	0	0	0	0	0.000732225	0.00029289	0	0	0
ERR2314049	0.009342749	0.023954372623574145	0.085062466	0.19304725692558392	0.6790874524714829	0	0.001738186	0.000217273	0	0	0.000271592	0.00706138	0	0	0.000217273	0	0	0
ERR2314084	0.040893126	0.016307075	0.012167586552935273	0.3474661314601104	0.4932262920220773	0	0.000250878	0.027972905	0	0	0.003010537	0.058705469	0	0	0	0	0	0
ERR2314096	0.052940115	0.003832973	9.018759018759019e-05	0.6396554834054834	0.29644660894660896	0	0.000225469	0.006132756	0	0	0.000541126	0.000135281	0	0	0	0	0	0
ERR2314107	0.013885988724159533	0.007256212	0.044111505533514304	0.6108790979327626	0.3043432866986845	0	0.000104406	0.014199206514930047	0	0	0.001148465	0.000104406	0	0	0.003967425	0	0	0
ERR2314108	0.02533132	0.008765308	0.017991947659788628	0.4174635128334172	0.49148632779734946	0	0	0.038206677	0	0	0.000461332	0.000293575	0	0	0	0	0	0
ERR2314110	0.029391727493917275	0.020145985401459853	0.011922141119221411	0.5664720194647201	0.33727493917274937	0	0.000827251	0.030705596	0	0	0.000778589	0.002189781	0	0	0	0	0.000291971	0
ERR2314152	0.0070549	0.030058149478364972	0.006798358	0.17786899264580128	0.7693689071318625	0	0.000513084	0.002479904	0	0	0.002052335	0.003719856	0	0	8.551393877201984e-05	0	0	0
ERR2314159	0.056345930349056224	0.033943814	0.004408288	0.36336312267062076	0.4921652707089328	0	0.00112211	0.043521821023524226	0	0	0.000561055	0.004448363	0	0.000120226	0	0	0	0
ERR2314175	0.021603871413757345	0.002131582	0.005127319	0.34399124323078695	0.5254061527825786	0	0.000979376	0.019817951376886737	0	0	0.000115221	0.075469524	0	0.005242539	0.000115221	0	0	0
ERR2314203	0.003977955	0.031450711	0.005262504	0.7236978411304024	0.2185803671321427	0	0.000165748	0.013881407	0	0	0.002071852	0.000331496	0	0.000580119	0	0	0	0
ERR2314209	0.070123365	0.009924868	0.00064929	0.7490956312030423	0.15944717558668028	0	0.000185512	0.007884241	0	0	0.002040627	0.00064929	0	0	0	0	0	0
ERR2314213	0.034757935804220604	0.009576166	0.001596028	0.4534491931193474	0.44671040964710057	0	0.000532009	0.007448129	0	0	0.002128037	0.042560738	0.000354673	0.000886682	0	0	0	0
ERR2314216	0.013258100249238437	0.008827195	0.021704513985045693	0.439732761	0.4667335918028247	0	0.000519247	0.017862088	0	0	0	0.005227084	0.000138466	0.025823871503738577	0	0	0.000173082	0
ERR2314218	0.009958459	0.003414329	0.033062084	0.5118647925795254	0.40932111762362716	0	0	0.031696352358732145	0	0	0.000455244	0.000227622	0	0	0	0	0	0
ERR2314232	0.007953724	0.006652205	0.028826223186309955	0.26218365871294286	0.6857556037599422	0	0.000241022	0	0	0	0.005302483	0.002313811	0	0.000385635	0.000385635	0	0	0
ERR2314252	0.013288377627925426	0.071152321	0.017106307021023403	0.28014676715589054	0.18112852042840144	0	0	0.00609877	0	0	0.005652519	0.4254264180880603	0	0	0	0	0	0
ERR2318026	0.013884162526373103	0.002858504	0.000340298	0.44980603008235215	0.4746477914653236	0	0	0.039134282	0	0	0.002245967	0.002586266	0	0.014496699108418975	0	0	0	0
ERR2318074	0.009234662	0.008918406	0.011068943706514863	0.45256167	0.4758380771663504	0	0.000189753	0.012460468058191019	0	0	0.000253004	0.017963314358001265	0	0.011511701454775458	0	0	0	0
ERR2318132	0.002156686	0.000401244	0.001053265	0.009228609	0.013993379476376768	0	0	0.9731668171331126	0	0	0	0	0	0	0	0	0	0
ERR2318141	0.19865067466266867	0.017241379310344827	0.14767616191904048	0.3148425787106447	0.3028485757121439	0	0	0.002248876	0	0	0.016491754	0	0	0	0	0	0	0
ERR2318157	0.004051864	0.000378174	0.004376013	0.777201513	0.20669908157752567	0	0	0.003997839	0	0	0.001242572	0.002052944	0	0	0	0	0	0
ERR2318198	0.013165675869152479	0.002054219	0.002832332	0.2273335615798811	0.10252419932148527	0.000311245	0.000248996	0.001556226	0	0	0.000466868	0.6490709328021413	0	0	0	0	0.000311245	0.000124498
ERR2318204	0.001724451	0.036758032	0.000181521	0.6255218732982393	0.27146487565801414	0	0.001452169	0.012161916863314576	0	0	0.006444001	0.043746596478489747	0	0	0.000544563	0	0	0
ERR2318304	0.026350710900473934	0.04	0.018388625592417062	0.4204739336492891	0.3537440758293839	0	0	0.13800947867298577	0	0	0.002464455	0.00056872	0	0	0	0	0	0
ERR2319274	0.045339252	0.026678141	0.020880514539360448	0.1764199655765921	0.7298215418063231	0	0	0.00022647	0	0	0.000407646	0.000135882	0	0	0	0	9.058791557206268e-05	0
ERR2319290	0.010728606003684572	0.015316259	0.000397356	0.2941155221616154	0.23476501824224252	0	0.001481053	0.028428999747137234	0	0	0.004226421	0.41054076509048876	0	0	0	0	0	0
ERR2319339	0.024092711	0.019518145776151265	0.003964623	0.34766697163769444	0.5858493443122903	0	0.003354681	0.015553522	0	0	0	0	0	0	0	0	0	0
ERR2319377	0.010462868190606165	0.011713863300352553	0.002615717	0.5177982486068463	0.44569543955419083	0	0.001933356	0.003980439	0	0	0.004094166	0.001023541	0	0	0.000682361	0	0	0
ERR2319397	0.008341452	0	0.001765709	0.4635289819775938	0.5137603507062835	0	0.001461276	0.0076717	0	0	0	0.002191914	0	0.000304433	0.000974184	0	0	0
ERR2319461	0.010383313512030007	0.018708261	0.000457415	0.6795810081419815	0.19161101454578722	0	0.000594639	0.03270515	0	0	0.000914829	0.064724179	0	0	0	0	0	0.00032019
ERR2319485	0.020713802336187366	0.012534204254567922	0.026274752111101304	0.4336069673698767	0.40509606614293703	0.000470768	0	0.099596905	0	0	0.000912113	0	0	0	5.8846029364168654e-05	0	0.000735575	0
ERR2319502	0.005047195	0.013502884111169376	0.002687467	0.7864446775039329	0.17632406921866806	0	0	0.011601992658626114	0	0	0.004391715	0	0	0	0	0	0	0
ERR2319526	0.020681403828623518	0.014414311759343665	0.00894485	0.31517775752051047	0.5958295350957156	0	0.001139471	0.009001823	0.000170921	0	0.002905652	0.027860073	0.000170921	0.000227894	0.003475387	0	0	0
ERR2319531	0.009236187	0.025150337220505664	0.004186186	0.15056978637164026	0.7805574936044387	0	9.96710854181202e-05	0.004451975	0	0	0.000830592	0.024286521146881956	0.000132895	0.000498355	0	0	0	0
ERR2319576	0.068793719	0.000150974	0.002264607	0.7189874691761864	0.19641688893362186	0	0.000100649	0.010467515	0	0	0.00251623	0	0	0	0.000100649	0	0.000201298	0
ERR2319586	0.007551703	0.037930147	0.006436111	0.4765296490174204	0.4628850939672187	0	0.000343259	0.000128722	0	0	0.001072685	0.000686518	0	0	0.000300352	0	0.006135759	0
ERR2319588	0.00477327	0.03699284	0.009546539	0.431980907	0.5113365155131265	0	0	0.004176611	0	0	0	0.001193317	0	0	0	0	0	0
ERR2319603	0.045275590551181105	0.031496062992125984	0	0.1830708661417323	0.7037401574803149	0	0	0.010826771653543307	0	0	0.011811023622047244	0.010826771653543307	0	0.002952756	0	0	0	0
ERR2319687	0.006698057	0.002984283	0.0030506	0.7029643875588567	0.26659592811194377	0	0.00026527	0.013396114	0	0	0.003249552	0.000132635	0	0	0.000132635	0	0.000530539	0
ERR2319713	0.003477767	0.022179637318570568	0.002271195	0.7019056744384116	0.2536285886653181	0	0	0.002803506	0	0	0.000390362	0.004081053	0	0.008765393	0	0	0.000496824	0
ERR2319760	0.011627234337941807	0.017932550471452535	0.078671834	0.6352172152484526	0.23491641117602824	0	0	0.018453173	0	0	0.003065888	0	0	0	0	0	0.000115694	0
ERR2404903	0.15585500887913925	0.000522302	0.022876841	0.4006058706779484	0.41178314008147915	0	0	0.008147916	0	0	0.000208921	0	0	0	0	0	0	0
ERR2404946	0.020276008	0.021549893842887472	0.001273885	0.32940552016985136	0.6211252653927813	0	0	0.004352442	0	0	0.001804671	0.000212314	0	0	0	0	0	0
ERR2404971	0.055185846453497805	0.010550235351403993	0.005843207	0.1739977276416166	0.7476059081317968	0	0.000486934	0.001136179	0	0	0.000324623	0.000811557	0	0.003083915	0.000973868	0	0	0
ERR2404976	0.19231970028098658	0.12683421792069935	0.064626912	0.018966594	0.5942085544801748	0	0.000234155	0	0	0	0	0.002809866	0	0	0	0	0	0
ERR2404986	0.055856331704740525	0.021919979	0.000924336	0.3414762973722435	0.5524891060345966	0	0.000264096	0.012808662353096528	0	0	0.003169154	0.009243365	0	0.001056385	0	0.000528192	0.000264096	0
ERR2405024	0.006219578	0.017937623940868938	0.004957635	0.2702361636920858	0.6873084550207319	0	0	0.008112493	0	0	0.001081666	0.003515414	0.000180278	0.000270416	0.000180278	0	0	0
ERR2405031	0.036266277	0.003042473	0.013021784106121455	0.4799805281732993	0.4403066812705367	0	0.000243398	0.019958622368260924	0	0	0.005841548	0.001338688	0	0	0	0	0	0
ERR2405111	0.011782032400589101	0.075110457	0.001472754	0.5073637702503682	0.3943298969072165	0	0	0.009204713	0	0	0.000736377	0	0	0	0	0	0	0
ERR2405143	0.003732736	0.011011571	0.002426278	0.5918253079507279	0.17161254199328108	0	0	0.000186637	0	0	0.001586413	0.21743187756625607	0	0	0	0	0.000186637	0
ERR2405149	0.015948963	0.018839712918660288	0.00488437	0.4564393939393939	0.4024122807017544	0.002791069	0.000199362	0.001694577	0	0	0.00099681	0.09469697	0	0	0	0	0.000199362	0.000897129
ERR2405217	0.017166425147698137	0.005573515	0.008583213	0.28837364842269536	0.6510979823876937	0	0.000334411	0.001114703	0	0.000334411	0.001337644	0.010143796678185263	0	0.015940251922862556	0	0	0	0
ERR2405263	0.058770883	0.006414081	0.015214797136038186	0.3193615751789976	0.591736277	0	0.000298329	0.001491647	0	0.000298329	0.001939141	0.003878282	0.000298329	0	0.000298329	0	0	0
ERR2405273	0.004671151	0.019805680119581465	0.000373692	0.6554559043348281	0.3118460388639761	0	0	0.003736921	0	0	0.003363229	0	0.000373692	0	0	0	0	0.000373692
ERR2405326	0.058324496	0.001908802	0.008165429	0.4698833510074231	0.45291622481442206	0	0	0.004984093	0	0	0.003075292	0.000318134	0	0.000424178	0	0	0	0
ERR2405395	0.005880145	0.015638684	0.028587514074815464	0.3805204553984737	0.5499186788439885	0	0.000938321	0.002502189	0	0	0.002689854	0.01307394	0	0.000250219	0	0	0	0
ERR2523866	0.021318931	0.004192723	0.007461626	0.11903069926094371	0.8399658897100626	0	0.002416146	0.003482092	0	0.000497442	0.00092382	0.000710631	0	0	0	0	0	0
ERR2523903	0.00414533	0.004023409	0.001097293	0.626188734	0.3567422579858571	0	0.001706901	0.004633016	0	0	0.000487686	0.000243843	0	0	0	0	0.000731529	0
ERR2523946	0.035923754	0	0.004398827	0.35355571847507333	0.3528225806451613	0	0.000366569	0.2523826979472141	0	0	0	0	0	0.000549853	0	0	0	0
ERR2523959	0.03957965	0.018562168532704773	0.015910430170889805	0.3566097033981536	0.5546061677470046	0	0.001374975	0.003633864	0	0	0.001374975	0.007660577	0	0	0.000687488	0	0	0
ERR2524115	0.005	0.006060606	0.011969697	0.49318181818181817	0.4459090909090909	0	0	0.017424242424242425	0	0	0.020454545454545454	0	0	0	0	0	0	0
ERR2524124	0.073373428	0.006779661	0.009294697	0.13275013668671404	0.6469108802624385	0	0.000984144	0.003608529	0	0	0.002843084	0.12039365773646801	0.000218699	0.000218699	0.000656096	0.001093494	0	0.000874795
ERR2524180	0.015572281339216195	0.008305217	0.015442512	0.34842979496496235	0.5956397612250195	0	0	0.014663898261095251	0	0.000389307	0.001167921	0	0	0	0.000389307	0	0	0
ERR2579425	0.006109288	0.034166761	0.00181016	0.7214617038126485	0.1764905532300034	0	0.000565675	0.003394049	0	0	0	0.056001810159520306	0	0	0	0	0	0
ERR2579660	0.023594789	0.001184294	0.003188485	0.26528195317482006	0.5680058303725972	0	0.003006286	0.005830373	0.000455498	0	0.009565455	0.10849959005192676	0.001366494	0.003370684	0.003917282	0	0	0.002732987
ERR2579682	0.016798080219403495	0.011587247	0.005485087	0.2926979773740144	0.6617072334590333	0	0.000342818	0.001851217	0	0	0.000685636	0.008844703	0	0	0	0	0	0
ERR2579683	0.006186512	0.028488505308179944	0.003475139	0.1831894905674788	0.7254639883907431	0	0	0.007790422	0	0	0.00137478	0.017566638661880393	0	0.026464523027571987	0	0	0	0
ERR2579694	0.10234116230051189	0.029810298	0.053673592	0.10527702499247214	0.6939927732610659	0	0	0.00617284	0	0	0.002408913	0.005758808	7.527853056308341e-05	0.000188196	7.527853056308341e-05	0.000150557	0	7.527853056308341e-05
ERR2579758	0.021748462	0.017742166261267706	0.000858492	0.7079696666189726	0.24352554013449706	0	0	0.005866361	0	0	0.001001574	0.001287738	0	0	0	0	0	0
ERR2579802	0.010791367	0.00232755	0.010368176047397376	0.3876428269149386	0.5480321625052899	0	0	0.023910283537875582	0	0	0.009521794	0.00507829	0	0.001692763	0	0	0	0.000634786
ERR2579848	0.005395428	0.028113020019877893	0.001845804	0.20729802640920061	0.39173647593355104	0	0	0	0	0	0.007667187	0.35794405792985945	0	0	0	0	0	0
ERR2579866	0.040163196100249036	0.008000848	0.031685477	0.2677369787527155	0.626185556	0	0.0003709	0.020399512531129125	0	0	0.00286123	0	0	0.002013458	0.000211943	0	0.0003709	0
ERR2579882	0.010901883052527254	0.002820767	0.011740489441183197	0.5697949226195014	0.38591141267058016	0	0	0.017382023328504994	0	0	0.00099108	0.000457422	0	0	0	0	0	0
ERR2579898	0.029477492816856445	0.006917101	0.00138342	0.2973289347664148	0.5576247738639991	0	0	0.013089283813983187	0	0	0.002979674	0.0904544	0	0	0	0	0	0.000744919
ERR2579904	0.040374951	0.014681800214580158	0.008922017	0.3270653340109549	0.6034784572816082	0	0.000112937	0.002089333	0	0	0.00146818	0	0.000169405	0.001637585	0	0	0	0
ERR2579929	0.040755641	0.008221095	0.009970264	0.31100227391988805	0.076438692	0	0	0.2656987930732902	0	0	0.004897674	0.28301556760538743	0	0	0	0	0	0
ERR2580062	0.010808194870140345	0.017099532182610098	0.012743990966284884	0.3119858041619616	0.6359090175834812	0	0.000645265	0.006452654	0	0	0.003306985	0.000483949	0	0	0	0.000403291	0.000161316	0
ERR2580078	0.037024135	0.002139836	0.002239363	0.6042299079372978	0.28375217715849715	0	0.000348345	0.055785021	0	0	0.003931326	0.00920627	0	0.001244091	9.952724558347848e-05	0	0	0
ERR2580088	0.02252907	0.041787790697674417	0.005450581	0.19876453488372092	0.6646075581395349	0	0.000726744	0.012718023255813954	0	0	0.002180233	0.047601744	0	0.003633721	0	0	0	0
ERR2580098	0.009511731	0.003012048	0.001743817	0.683576411	0.24270767279644895	0	0	0.02076728	0	0.000475587	0.006341154	0.011255549	0	0.020291693088142042	0.000317058	0	0	0
ERR2587834	0.013658106747230614	0.004091138	0.00541289	0.40344914400805637	0.5669058408862034	0.000251762	0	0.006231118	0	0	0	0	0	0	0	0	0	0
ERR2696445	0.036761919199575534	0.011672856818009551	0.013264610020465398	0.11498521943454862	0.7331160463882361	0	0.000606382	0.006063822	0	0	0.006367013	0.074509209	0.000757978	0.001667551	0.000227393	0	0	0
ERR2696457	0.010157858613589567	0.00164722	0.042690459849004804	0.6288263555250515	0.28647906657515443	0	0.00082361	0.014962251201098146	0	0	0.014001372683596431	0.000411805	0	0	0	0	0	0
ERR2696467	0.088179719	0.006403527	0.002939324	0.5904891874868781	0.284169641	0	0	0.017111064	0	0	0.001469662	0.00556372	0	0.003674155	0	0	0	0
ERR2696480	0.041776205726303715	0.003106926	0.002963529	0.541035323	0.3596386406003537	0	0	0.025572391377085224	0	0	0.020696907413603555	0.00210315	0	0.003106926	0	0	0	0
ERR2696484	0.00661157	0.012160566706021251	0.011688311688311689	0.19775678866587956	0.7681227863046045	0	0	0	0	0	0.002479339	0.001180638	0	0	0	0	0	0
ERR2696491	0.01333042	0.012674825174825174	0.00152972	0.19340034965034966	0.18640734265734266	0	0	0.5620629370629371	0	0	0	0.027534965034965036	0	0.003059441	0	0	0	0
ERR2696493	0.025074058400338554	0.006665256	0.011531950909860348	0.2093736775285654	0.6760473973762167	0	0.001692763	0.002962336	0	0	0.010156580617858655	0.054380025	0.000317393	0.000634786	0.001163775	0	0	0
ERR2696518	0.013160086623354989	0.011327669	0.003442723	0.30351490921206065	0.6460103281692487	0	0.000277639	0.003498251	0	0	0.001776889	0.015270142706424565	0.000111056	0.001166084	0.000111056	0	0.000333167	0
ERR2696523	0.007272727	0.004206774	0.020962566844919785	0.11793226381461676	0.7766844919786097	0	0.00114082	0.032941176	0	0	0	0.008770053	0	0.029946524064171122	0	0	0.000142602	0
ERR2696525	0.004894851	0.000181291	0.004079043	0.21138506163886875	0.7596990572878898	0	0.000906454	0.008611313	0	0	0.000815809	0.008430022	0.000634518	0	0	0.000362582	0	0
ERR2696545	0.004960196	0.00832823	0.002143295	0.2467850581751378	0.7001224739742805	0	0.000489896	0.022657685	0	0	0.010104102878138396	0.00183711	0	0.002143295	0.000244948	0	0.000183711	0
ERR2696565	0.035235612	0.042998363	0.002607799	0.3623021408211535	0.5449693735217418	0	0	0.004912366	0	0	0.000849051	0.006125296	0	0	0	0	0	0
ERR2696606	0.027654976	0.010560958836820906	0.005403281	0.18135376756066413	0.7294429708222812	9.824147755182238e-05	0.001178898	0.006926024	0	0	0.006090972	0.030454858041064937	0.000245604	0	0.000294724	0	0.000196483	9.824147755182238e-05
ERR2696667	0.010321324245374878	0.007659851	0.003180785	0.2910743265173645	0.6775073028237585	0	0	0.008049335	0	0	0	0.002077248	0	0.000129828	0	0	0	0
ERR2696679	0.00204499	0.049190294589067596	0.00303985	0.5685071574642127	0.3522909412479965	0	0.00049743	0.020118277786989443	0	0	0.00270823	0.00093959	0	0.00033162	0.00033162	0	0	0
ERR2696697	0.060086033315028375	0.019906644700713894	0.014964305326743548	0.1370126304228446	0.7004850814570749	0	0.00096101	0.015147354933186894	0	0	0.003523705	0.043520044	0.000503386	0.000732198	0.000686436	0	0.002196595	0.000274574
ERR2696714	0.006729173	0.020008075007850703	0.004082365	0.4867883899331569	0.4510340496164371	0	0.00157014	0.02099502	0	0	0.003140281	0.000493473	0	0.005159033	0	0	0	0
ERR2696716	0.003161667	0.001686222	0.001756481	0.34117895032670553	0.3146912105669922	0	0.000421556	0.006815148	0	0	0.008150074	0.32213869177264104	0	0	0	0	0	0
ERR2696734	0.012005717008099095	0.003049071	0.01896141	0.11033825631252978	0.7881848499285374	0	0.00028585	0.00219152	0	0	0.000762268	0.06374464	0	0.00028585	0	0	0	0.000190567
ERR2696750	0.007910048	0.011636268549388769	0.001242074	0.6136497352422043	0.36294698306857553	0	0.000196117	0.000588351	0	0	0.001372818	0.000457606	0	0	0	0	0	0
ERR2696765	0.090277778	0.018849206349206348	0.005952381	0.44642857142857145	0.3759920634920635	0	0	0.015873015873015872	0	0	0	0.046626984	0	0	0	0	0	0
ERR2696825	0.039155517	0.00699644	0.003927826	0.2464710936541058	0.6962071928317172	0	0.000859212	0.002577636	0	0	0	0.003068614	0	0.000736467	0	0	0	0
ERR2696829	0.07216368	0.011767600147607528	0.001066054	0.49838041740128747	0.25855918651851245	0.001845094	0.000328017	0.017630899	0	0	0.0019681	0.13493788183197344	0.000123006	0.000451023	8.200418221329287e-05	0	0.000697036	0
ERR2696842	0.029963974	0.016973812	0.002009145	0.285090758	0.6401205487044478	0	0.00083137	0.018740473881114036	0	6.928086462519052e-05	0.000415685	0.005022863	0	0.00076209	0	0	0	0
ERR2696851	0.009684972	0.037249893571732653	0.014651625	0.46938413509294735	0.45998297147722433	0	0	0.001419044	0	0	0	0.007024266	0	0	0.000603094	0	0	0
ERR2696857	0.06017192	0.003024514	0.016077682266794013	0.075612862	0.7758675581025152	0	0.00063674	0.005093919	0	0	0.009073543	0.049028972	0.00095511	0.000795925	0.001751035	0.000795925	0	0.001114295
ERR2696862	0.022514619883040935	0.031140350877192982	0.003508772	0.4866959064327485	0.39415204678362575	0	0.001169591	0.025438596	0	0	0.011695906432748537	0.019005847953216373	0.001169591	0.000730994	0.00248538	0.000292398	0	0
ERR2696884	0.052289562	0.053198653	0.002760943	0.4764646464646465	0.37457912457912457	0	0.00020202	0.00973064	6.734006734006734e-05	0	0.001515152	0.029023569023569024	0	0	0.00016835	0	0	0
ERR2696890	0.011309818336042977	0.13762635187672298	0.029900332225913623	0.21403831200961335	0.5606842440093306	0	0.000141373	0.001201668	0	0	0.013501095638651305	0.031596804976320066	0	0	0	0	0	0
ERR2696891	0.021729259907893882	0.004410715	0.013232146	0.065771551	0.8618408250632419	0	0.000454044	0.003632354	0	0	0.000129727	0.028799377	0	0	0	0	0	0
ERR2696897	0.078657797	0.01066901	0.008367851	0.087611397	0.7518513869712564	0	0.001631731	0.00560646	0.00054391	0	0.001882766	0.051169407137776665	0.000167357	0.000209196	0.00054391	0.000878624	0.000209196	0
ERR2696914	0.030238951152463524	0.025163882	0.004863608	0.4643687883273419	0.45358426728695284	0	0.004440685	0.009092831	0	0	0.003383379	0.004863608	0	0	0	0	0	0
ERR2696915	0.014439805149617258	0.009394572	0.000869868	0.6153444676409185	0.33194154488517746	0	0.000347947	0.02348643	0	0	0.00243563	0	0	0.001739736	0	0	0	0
ERR2696957	0.03876937	0.003973435	0.010501220412101947	0.13770789578248283	0.7328148947039791	0	0.00085145	0.036839416472725206	0	0	0.003632855	0.019867173752625304	0.000283817	0.014758471930521655	0	0	0	0
ERR2696969	0.1120950323974082	0.016990640748740102	0.006983441	0.40417566594672427	0.4431965442764579	0	0	0.008567315	0	0	0.000791937	0.007055436	0	0	0.000143988	0	0	0
ERR2696984	0.00320197	0.026559934	0.007307061	0.7313628899835797	0.2090311986863711	0	8.210180623973728e-05	0.014573070607553366	0	0	0.007389163	0.000205255	0.000287356	0	0	0	0	0
ERR2696985	0.032582307594020185	0.015460624387750756	0.013756974	0.6156565441458325	0.3160270880361174	0	0	0.002512884	0	0	0.004003578	0	0	0	0	0	0	0
ERR2697001	0.3495824870232453	0.016474836	0.004965019	0.22477995937711578	0.3583841119386143	0	0.00586775	0.004965019	0	0	0.00248251	0.031821259	0	0.000677048	0	0	0	0
ERR2697002	0.092834258	0.004141596	0.003672736	0.31296397593185904	0.554817535	0	0.007736188	0.013518793	0	0	0.000625147	0.003829022	0	0.005860749	0	0	0	0
ERR2697003	0.064130523	0.022696066553590178	0.000565382	0.63128988	0.2641143687908893	0	0.00298845	0.006865358	0	0	0.006299976	0.000807689	0	0.000242307	0	0	0	0
ERR2697021	0.020317791	0.033862985	0.001823392	0.3562125553529565	0.5552227142485022	0.000260485	0.002214118	0.005860901	0	0	0.008856473	0.015108101067986456	0	0.000260485	0	0	0	0
ERR2697028	0.00412595	0.015309446	0.001302932	0.48881650380021713	0.256243214	0	0	0.012052117263843648	0	0	0.002823018	0.21932681867535286	0	0	0	0	0	0
ERR2697056	0.075542965	0.014518414	0.004485364	0.15728281397544855	0.6229933899905571	0	0.002124646	0.003600094	0	0	0.005075543	0.11378659112370161	0	0.000354108	0.000236072	0	0	0
ERR2697592	0.011923688	0.003974563	0.022787493	0.47403285638579756	0.044250132485426606	0	0	0.3913619501854796	0	0	0.002649709	0.049019607843137254	0	0	0	0	0	0
ERR2697610	0.052011626128193364	0.009943399	0.023481719	0.14586201621538933	0.7603640813828973	0	0.000229463	0.00198868	0	0	0.000152975	0.004895212	0	0.001070828	0	0	0	0
ERR2697611	0.000944287	0	0.011331445	0.014636449480642116	0.066572238	0	0	0.9065155807365439	0	0	0	0	0	0	0	0	0	0
ERR2697622	0.013460015835312747	0.013460015835312747	0	0.5494853523357086	0.32937450514647665	0	0	0.049881235	0	0	0.022169437846397466	0.022169437846397466	0	0	0	0	0	0
ERR2697640	0.028159514374841918	0.005227215	0.002697918	0.2749346598094596	0.6413455863755164	0	0.001517579	0.037096366	0	0	0.001011719	0.005058595	0	0.002950847	0	0	0	0
ERR2697651	0.017575519811690858	0.02346018	0.000392311	0.26504511573165945	0.4742251863475873	0	0.00219694	0.004315418	0	0	0	0.2082385249117301	0	0.004550804	0	0	0	0
ERR2697756	0.011661807580174927	0.028425655976676383	0.002672498	0.5036443148688047	0.4419339164237123	0	0	0.007774538	0	0	0.001943635	0.001943635	0	0	0	0	0	0
ERR2697761	0.035122753435921535	0.000587337	0.001292141	0.2959003876424292	0.4328673793022436	0	0.001292141	0.20368847644778573	0	0	0.002114413	0.023610947961940562	0.000704804	0.001762011	0.001057207	0	0	0
ERR2697802	0.09651411	0.015650936684847048	0.002134219	0.30780175480199196	0.5160066397913209	0	0	0.006639791	0	0	0.013753853450320134	0.026084894	0	0.015413801280531183	0	0	0	0
ERR2697827	0.021891512994715843	0.004744958	0.096948129	0.19691577698695137	0.610589885	0	0.00043136	0.056292462	0	0	0.004205759	0.007548798	0	0	0.00043136	0	0	0
ERR2697829	0.022916435467761623	0.005659749	0.002718899	0.13705471090888913	0.8167794917323271	0	0.001997559	0.010542670069914549	0	0	0.001165242	0.000610365	0.000388414	0	0.000166463	0	0	0
ERR2697862	0.036644512	0.04598527	0.005209269	0.3738099514999102	0.531345428	0	0	0.002425004	0	0	0.003951859	0	0	0	0.000628705	0	0	0
ERR2697875	0.027091927836955854	0.052213534	0.017117172587894833	0.5697309278985284	0.2906224986146173	0	0	0.003879071	0	0.000123145	0.026106766824702914	0.001539314	0	0.011575641893972047	0	0	0	0
ERR2697899	0.002350176	0.001846567	0.003693134	0.8264226959879134	0.15846902803424542	0.000839349	0	0.003861004	0	0	0.001846567	0	0	0	0	0	0.000671479	0
ERR2697901	0.00821969	0.001245408	0.005479793	0.308549723	0.35599975091848807	0	0.001183137	0.018369761504452332	0	0	0.005542064	0.2931066691574818	0.000373622	0	0.001245408	0	0.000186811	0.000498163
ERR2697914	0.005284117	0.004594884	0.004288559	0.6500229744218103	0.1039975493950069	0.000765814	0	0	0	0	0.002680349	0.2283657527952213	0	0	0	0	0	0
ERR2697922	0.14990630855715179	0.080574641	0.04934416	0.30418488444722047	0.306683323	0	0	0.004996877	0	0	0.001249219	0.10306058713304185	0	0	0	0	0	0
ERR2697924	0.068839207	0.025135784	0.000884173	0.4596438044713907	0.37236326891499305	0	0	0.001263105	0	0	0.002905141	0.067576102	0	0.001389415	0	0	0	0
ERR2697926	0.040856031	0.001768659	0.013088079235939158	0.2543332154227096	0.6706756278740714	0	0	0.006720906	0	0	0.00088433	0.009020163	0	0.002652989	0	0	0	0
ERR2697950	0.065840789	0.00022941	0.011929341592108282	0.3742830924523973	0.5027529249827942	0	0	0.002064694	0.00022941	0	0.010438173893094746	0.032002752924982794	0	0	0	0	0.00022941	0
ERR2697961	0.015148646089755729	0.000473395	0.001514865	0.023764438553304297	0.16388941488354478	0	0	0.7913274001136148	0	0	0	0.001609544	0	0.002272297	0	0	0	0
ERR2697983	0.016418480336006108	0.010309278350515464	0.022718594883543337	0.5996563573883161	0.28388697976326843	0.041046201	0	0.008781978	0	0	0.009927453	0.003054601	0	0	0	0	0.004200076	0
ERR2697985	0.012159971	0.012880562	0.002251847	0.404611782	0.5161232210412539	0	0	0.008466943	0	0	0.001441182	0.041073680417942716	0	0.000990812	0	0	0	0
ERR2697994	0.002315887	0.022000926354793886	0.009031959	0.7420101899027327	0.20866141732283464	0	0	0.004631774	0	0	0.010189902732746642	0.000694766	0	0	0.000463177	0	0	0
ERR2698004	0.037613870114604764	0.000734646	0.005142521	0.3706288568909786	0.5481193064942698	0.002571261	0	0.004187482	0	0	0.009183074	0.019761974728181017	0	0	0.001469292	0	0.000587717	0
ERR2698006	0.004475703	0.001104394	0.001569402	0.17658684026970473	0.18664264124622182	0	0.000116252	0.003196931	0	0	0.001220646	0.6249709369913974	0	0	0	0	0	0.000116252
ERR2698021	0.010825439783491205	0.00586378	0.003307773	0.3166441136671177	0.6295293940760788	0	0.00090212	0.00496166	0	0	0.000601413	0.026161479	0	0.000601413	0.000601413	0	0	0
ERR2698052	0.011601241062997437	0.014164305949008499	0.006205315	0.5360852556319978	0.42708754890058004	0	0	0.002563065	0	0	0.002023472	0.000269796	0	0	0	0	0	0
ERR5332409	0.070800781	0.024414063	0.084472656	0.369628906	0.41015625	0	0	0.003417969	0	0	0.017089844	0.019042969	0	0	0.000976563	0	0	0
ERR5332565	0.019716885743174924	0.004903943	0.001466127	0.5513902932254803	0.4032861476238625	0	0	0.016430738119312435	0	0	0.001996967	0.000758342	0	5.0556117290192114e-05	0	0	0	0
ERR5332568	0.004094631	0.008871702	0.006938126	0.32848043676069155	0.6197679708826206	0	0	0.005459509	0	0	0.006710646	0.016492265696087353	0.00022748	0.002729754	0.00022748	0	0	0
ERR5332590	0.027101172	0.002798792	0.015545764402693492	0.49926566353534513	0.4358910410951312	0.0010253	5.542161997395184e-05	0.015850583312550227	0	0	0.001773492	0.000221686	0	0	0.000415662	0	5.542161997395184e-05	0
ERR5332667	0.063793103	0.014655172413793103	0.013793103448275862	0.6344827586206897	0.1629310344827586	0	0	0.1	0	0	0	0.010344827586206896	0	0	0	0	0	0
ERR5332670	0.073335772	0.001097293	0.008046818	0.16386247256766642	0.7472567666422824	0	0	0.00329188	0	0	0.000914411	0	0	0.002194587	0	0	0	0
ERR5332691	0.019250829777145567	0.006448554	0.001327643	0.2004741583688952	0.7635846372688478	0	0.000284495	0.006069227	0	0	0.002181128	0	0	0.000379327	0	0	0	0
ERR5332697	0.00706749	0.006271153	0.068186343	0.2394983077841927	0.6478200278717897	0.000398168	0.000497711	0.016523989647620942	0	0	0.002488553	0.011049173800517618	0	0	0	0	0.000199084	0
ERR5332708	0.15809470855342414	0.15735335001390047	0.008340284	0.2588268001112038	0.4047817625799277	0	0.000370679	0.000834028	0	0	0.006672227	0.004170142	0	0	0	0	0	0.000556019
ERR5332725	0.030543468987287773	0.019452265165088304	0.002900776	0.20629639109291015	0.7272417029263715	0.000255951	0.000511902	0.012797542871768621	0	0	0	0	0	0	0	0	0	0
ERR5332730	0.011578306	0.012675198	0.016087751371115174	0.4535039609993906	0.3730652041438147	0	0	0.1307739183424741	0	0	0.002071907	0	0	0	0	0	0.000243754	0
ERR1316028	0.019585955	0.038765983	0.002232596	0.5401867262025574	0.3815709356606454	0	0.000811853	0.010351126446113253	0	0	0.003957784	0.001725188	0	0.000304445	0.000304445	0	0.000202963	0
ERR1316077	0.019137386680452725	0.21601336755229777	0.041298167	0.33442883255479033	0.36089621683499196	1.3847602518417311e-05	0.000295416	0.000498514	0	0	0.014863093369767915	0.012495153339118555	0	9.231735012278208e-06	5.077454256753014e-05	0	0	0
ERR1389625	0.041584807	0.015913555992141455	0.056843484	0.348068107	0.495743287	0	0	0.022396856581532416	0	0	0.000982318	0.002685003	0	0.014734774066797643	0	0.001047806	0	0
ERR1389639	0.077596111	0.010958904109589041	0.00256297	0.5026955368979231	0.34838709677419355	0	0.000176757	0.026955369	0	0	0.002828104	0.027308882015024304	0	0	0	0.00053027	0	0
ERR1389675	0.013983589506529528	0.019530798566970993	0.19195654686235988	0.2627412458107015	0.4854963596440541	0	0	0.021206518	0	0	0.003640356	0.001444586	0	0	0	0	0	0
ERR1389694	0.052252622917095246	0.018926146883357333	0.070047315	0.44455873277103475	0.35147089076321747	0	0.000411438	0.047212507714462046	0	0	0.002982925	0.011828841802098334	0	0	0.000308578	0	0	0
ERR1389710	0.012594059405940595	0.004356436	0.005544554	0.25584158415841585	0.7184950495049505	0	0	0.00150495	0	0	0.001267327	0.000158416	0	0	0	0.000237624	0	0
ERR1389723	0.037504149	0.020112844341188183	0.004381016	0.539196814	0.3856621307666777	0	0.000995685	0.003783604	0	0	0.002256887	0.00610687	0	0	0	0	0	0
ERR1389724	0.024091627172195894	0.033006093432633714	0.015967050327239902	0.2038478898668472	0.4971789663732792	0	0.000112841	0.004852178	0	0	0.00423155	0.2167118032046942	0	0	0	0	0	0
ERR1389732	0.051073985680190934	0.0283214	0.010023866348448688	0.6140015910898966	0.2828957836117741	0	0	0.009864757	0	0	0.002863962	0.000318218	0	0.000636436	0	0	0	0
ERR1389833	0.12310831491242986	0.035538173779969394	0.033837782690018706	0.1503145723516409	0.6538003740860397	0	0	0.001360313	0	0	0.002040469	0	0	0	0	0	0	0
ERR1389837	0.032795727924915044	0.003883705	0.006796483	0.3558983763957064	0.5714439829548519	0.001186688	0.000161821	0.010086843950590646	0	0	0.003829764	0.011651113868061924	0	0	0	0.001078807	0.001186688	0
ERR1389841	0.029005035	0.004255017	0.004325934	0.36288206510176585	0.5284731579320615	0.000212751	0.00092192	0.064108928	0	0	0.001205588	0.002836678	0.000212751	0	0	0.001276505	0.000283668	0
ERR1389866	0.016175214748580902	0.091525594	0.12061084040789671	0.3099412267041744	0.46024011654191993	0	0	0.000552569	0	0	0.000954438	0	0	0	0	0	0	0
ERR1389871	0.046296296296296294	0.061827957	0.062275985663082435	0.5129928315412187	0.2744922341696535	0	0	0.004181601	0	0	0	0.037933094	0	0	0	0	0	0
ERR1389964	0.046687211	0.009476117	0.012172573189522341	0.30454545454545456	0.6098613251155625	0	0.00192604	0.004622496	0	0	0.008012327	0.001540832	0	0	0	0.001155624	0	0
ERR1389967	0.008620198	0.017582919449677457	0.01712622	0.5616829365758977	0.30045099046640406	0	0	0.06348119	0	0	0.010332819546726038	0.00154136	0	0.019181366672375407	0	0	0	0
ERR1389968	0.011372914965589643	0.001574711	0.020879505424005598	0.5773941444068588	0.3698238656246355	0	0.000524904	0.016796920564563163	0	0	0.000758194	0.000408258	0	0	0.000233291	0	0.000233291	0
ERR1389972	0.025386779	0.021589311	0.092756681	0.370253165	0.4816455696202532	0	0.000984529	0.001265823	0	0	0.002742616	0.003375527	0	0	0	0	0	0
ERR1389989	0.023362725148843168	0.001507273	0.008591454	0.6926671188484438	0.26505388499510135	0	0.000527545	0.007310272	0	0	0.000527545	0.000301455	0.000150727	0	0	0	0	0
ERR1389998	0.08891319	0.018674293405114402	0.013374831763122477	0.3883748317631225	0.4815780619111709	0	0.000420592	0.001934724	0.000757066	0	0.003364738	0.001766487	0.000168237	0	0.000504711	0.000168237	0	0
ERR1417426	0.028022670025188916	0.002623846	0.013224181	0.2968094038623006	0.6536523929471033	0	0	0.003883291	0	0	0.000944584	0.000839631	0	0	0	0	0	0
ERR1417440	0.10618944037967175	0.029068617757563774	0.016412893019576824	0.29207039746885505	0.5101839035000989	0	0	0.005734625	0	0	0	0.040340123	0	0	0	0	0	0
ERR1417499	0.010545973854773152	0.002197078	0.000439416	0.42052070745907943	0.22443150609689114	0	0.000219708	0.021091947709546303	0	0	0.012083928375260903	0.30506426452817753	0	0.000329562	0	0.001867516	0	0.001208393
ERR1417511	0.057456772	0.004773055	0.007024496	0.267471182	0.43759005763688763	0	0.002431556	0.21965057636887608	0	0	0.000180115	0.000450288	0	0.001260807	0	0.001711095	0	0
ERR1417653	0.03498957	0.028162336430874266	0.008818509	0.19742082306087616	0.7069979139010051	0	0.001517163	0.015930211	0	0	0.001611986	0.004267021	0	0	0	0.000284468	0	0
ERR1458747	0.008059452	0.033493825	0.001884028	0.6330332844881725	0.2932803014444212	0	0.000209336	0.013397529830437514	0	0	0.016432907682646013	0.000209336	0	0	0	0	0	0
ERR1458855	0.044321572757591715	0.018255222046691243	0.006055819	0.425048271	0.4822713708969633	0	0	0.002369668	0	0	0.010180796910654731	0.011497279269791117	0	0	0	0	0	0
ERR1458883	0.027105352881009206	0.1438799863620866	0.005625639	0.4108421411524037	0.37828162291169454	0	0.00085237	0.022332083191271737	0	0	0.008353222	0.002727583	0	0	0	0	0	0
ERR1458899	0.020975724723073297	0.023450389	0.006716946	0.216356352	0.7223662502946029	0	0.001178412	0.002474664	0	0	0.000589206	0.005656375	0	0	0	0.000235682	0	0
ERR1458937	0.066737596	0.001547538	0.010155721056194989	0.6583808879001838	0.25360286294612633	0	0.00415901	0.005222942	0	0	0	0	0	0	0	0	0.000193442	0
ERR1459017	0.016191098526101795	0.000726058	0.00660713	0.093661512	0.25397516880853843	0	0	0.6249183184491396	0	0	0.001161693	0.002759021	0	0	0	0	0	0
ERR1459099	0.029610689541405475	0.008495546	0.004536457	0.35838007258330584	0.5308479049818542	0	0.002639393	0.052622896733751236	0	0	0	0.012867040580666447	0	0	0	0	0	0
ERR1459162	0.024003254678600486	0.00081367	0.002034174	0.6086248982912937	0.26973148901545974	0	0	0	0	0	0.010577705451586655	0.084214809	0	0	0	0	0	0
ERR1459225	0.023963408571144477	0.011335388286765438	0.016804215968976834	0.067216864	0.8741175300785523	0	0.002585264	0.0002983	0	0	0.001690365	0.000696033	0	0	0.001292632	0	0	0
ERR1545887	0.05550947	0.051085303	0.002004701	0.056269874	0.007396654	0	0	0.8277339969583852	0	0	0	0	0	0	0	0	0	0
ERR1545929	0.3447259870359458	0.046552740129640544	0.37713612256923984	0.18797878609310548	0	0	0	0.043606364172068354	0	0	0	0	0	0	0	0	0	0
ERR1551588	0.01971281	0.016752739639753118	0.010202796321954906	0.35653104925053536	0.5113994205819373	0	0.000440862	0.035835748	0	0	0.009132133	0.03652853	0	0	0.002393249	0	0	0.001070664
ERR1551636	0.03871974	0.004678918	0.008883163	0.2856174137112633	0.4177120770326168	0	0	0.001830881	0	0	0.002102122	0.23713297619854887	0.000135621	0.000474673	0.000542483	0.00176307	0.000406862	0
ERR1596984	0.013350152423000106	0.019972668979291498	0.009881215	0.6141070114580048	0.3269210553978766	0	0	0.007463471	0	0	0.007358352	0.000420477	0	0.000525597	0	0	0	0
ERR1597022	0.022578534031413612	0.008180628	0.004581152	0.48331151832460734	0.31839005235602097	0	0.003926702	0.15837696335078533	0	0	0	0	0	0.00065445	0	0	0	0
ERR1597023	0.035228988424760944	0.036738802	0.034222445898339206	0.34876698540513335	0.4378459989934575	0	0	0.078510317	0	0	0.00402617	0.019124308002013084	0	0	0.001509814	0.00402617	0	0
ERR1597066	0.033623188	0.018985507	0.00115942	0.23898550724637682	0.5979710144927536	0	0.000289855	0.012173913	0	0	0.012608695652173913	0.083188406	0	0.000434783	0.00057971	0	0	0
ERR1597067	0.035412416205187994	0.004371903	0.003788983	0.2862139317983095	0.583357622	0	0.00043719	0.029146022	0	0	0.013552900029146022	0.041387350626639466	0.00029146	0	0.000874381	0.000728651	0.00043719	0
ERR1597078	0.028426791277258567	0.000259605	0.000389408	0.009086189	0.10215472481827623	0	0	0.8556593977154725	0	0	0.000259605	0.002206646	0	0	0	0.001557632	0	0
ERR1597137	0.020594430142756845	0.002574304	0.000468055	0.810203604	0.14275684530774632	0	0	0.019658319681722443	0	0	0.003276387	0.000468055	0	0	0	0	0	0
ERR1597141	0.010846343	0.013147083	0.011832374691865242	0.3281840591618735	0.629087921	0	0	0.000493016	0	0	0.006409203	0	0	0	0	0	0	0
ERR1678448	0.078038226	0.007212405	0.005986296	0.2803461954561846	0.4412549585286693	0	0.001730977	0.00836639	0	0	0.001442481	0.17439596105301117	0	0	0.000216372	0.001009737	0	0
ERR1678472	0.031078610603290677	0.016453382084095063	0.036791590493601464	0.6480804387568556	0.19515539305301646	0	0	0.072440585	0	0	0	0	0	0	0	0	0	0
ERR1678486	0.021323938438716855	0.040979047	0.00166883	0.7573706656777304	0.15955868718709437	0	0	0.008251437	0	0	0.004821064	0.00602633	0	0	0	0	0	0
ERR1678488	0.022038567	0.012003148366784731	0.025186934277843367	0.43841007477371113	0.4248327430145612	0	0.000393546	0.068870523	0	0	0.007477371	0.000787092	0	0	0	0	0	0
ERR1841794	0.07649635	0.014598540145985401	0.002043796	0.3527007299270073	0.531970803	0	0	0.011678832	0	0	0.007883212	0.000583942	0	0	0	0.002043796	0	0
ERR1842166	0.08747393	0.022451232977548766	0.064286591	0.28438228438228436	0.525334315	0	0.000245369	0.014599435652067231	0	0	0.00085879	0.000368053	0	0	0	0	0	0
ERR1842167	0.056007468	0.005600747	0.008667822	0.318175757	0.5288705160688092	0	0.000266702	0.012268302440325377	0	0	0.004133885	0.002933724	0.000400053	0.012134951	0.048939859	0.001600213	0	0
ERR1842168	0.047863797	0.030517185994217797	0.013491808544812078	0.3318342434950209	0.5566977192418888	0	0.000642467	0.014776742691937038	0	0	0.000642467	0.002891102	0	0.000642467	0	0	0	0
ERR1842204	0.10924141674582712	0.066223368	0.009634957	0.19812728999864296	0.5571990772153617	0	0	0.008006514	0	0	0.029719093499796446	0.021848283349165422	0	0	0	0	0	0
ERR1842225	0.022324865280985373	0.023287143956889914	0.008660508	0.4405311778290993	0.49461123941493457	0	0	0.00269438	0	0	0.002501925	0.003656659	0	0.001154734	0	0.000577367	0	0
ERR1842230	0.012061167348696963	0.001292268	0	0.5284298944647857	0.4114796467800991	0	0.000861512	0.000215378	0	0	0.000430756	0.003876804	0.000215378	0.039521861	0.001399957	0.000215378	0	0
ERR1842244	0.017057569296375266	0.008403361	0.023705004	0.362097078	0.5112253856766588	0.00075254	0.001379656	0.010786404	0	0	0.00075254	0	0	0.041138843597140345	0	0	0.022701617960617083	0
ERR1842260	0.019884877	0.020931449502878074	0.017268446	0.3564887493458922	0.5358451072736787	0	0.003139717	0.011904761904761904	0	0	0.001177394	0.021193093	0	0.009288331	0	0.002878074	0	0
ERR1842265	0.003546099	0.009973404	0.03501773	0.193927305	0.061613475	0	0	0.6812943262411347	0	0	0	0.014627659574468085	0	0	0	0	0	0
ERR1842287	0.022611905860636824	0.1430549146285187	0.019843101061375174	0.17374250115366865	0.5103830179972312	0	0	0.12298107983387171	0	0	0.002538071	0.004845408	0	0	0	0	0	0
ERR1842298	0.040990933	0.00319244	0.005746393	0.1948665559954029	0.714595837	0	0.001149279	0.00855574	0	0	0.002809347	0.025922615	0.00051079	0.000638488	0	0.001021581	0	0
ERR1842311	0.11212691583759075	0.002778525	0.009680022	0.378775657	0.4293268799856592	0	0.000268889	0.023751905	0	0	0.007349646	0.028143766	0.00017926	0.002240746	0	0.00537779	0	0
ERR1842312	0.017493752231345947	0.04069975	0.001428061	0.47965012495537307	0.39164584077115316	0	0.000357015	0.053552302749018205	0	0	0.003391646	0.009282399	0	0.002499107	0	0	0	0
ERR1842327	0.025590091142790372	0.014839915868193504	0.010750175274596869	0.21769104931058658	0.6716522551998131	0	0.001051648	0.029329282542650152	0.000233699	0	0.011217574	0.006543585	0	0.008179481	0.000233699	0.001986445	0	0.000701098
ERR1842337	0.084917355	0.005785124	0.005371901	0.34979338842975205	0.5167355371900827	0	0	0.00392562	0	0	0.012809917	0.016115702479338842	0	0.00268595	0	0.001859504	0	0
ERR1842368	0.010967098703888335	0.056704885343968094	0.18070787637088734	0.11403290129611167	0.6317298105682951	0	0	0.002991027	0	0	0.000623131	0.00224327	0	0	0	0	0	0
ERR1842379	0.019517543859649124	0.000438596	0.006359649	0.2975877192982456	0.6260964912280702	0	0.002412281	0.020833333333333332	0	0	0	0.007236842	0	0.017543859649122806	0	0.000438596	0.001535088	0
ERR1842429	0.04725443	0.013345001	0.036972216145263616	0.15051411069787793	0.6690002187705097	0	0.003281558	0.074381973	0	0	0.001750164	0.003062787	0.000437541	0	0	0	0	0
ERR1842442	0.029720727645400975	0.012170125544452985	0.026902382782475018	0.41147834998718935	0.509351781	0	0	0.006661542	0	0	0.001152959	0.000256213	0	0.001281066	0.001024853	0	0	0
ERR1842450	0.041666666666666664	0.001320423	0.037411971830985914	0.3160211267605634	0.5115903755868545	0	0.001467136	0.074970657	0	0	0.002200704	0.000880282	0	0.012470657276995305	0	0	0	0
ERR1842534	0.056867619639527654	0.022218769422001242	0.050807955251709135	0.43614045991298944	0.39698570540708517	0	0	0.008701057	0	0	0.016780609	0.007147296	0	0.00077688	0.003262896	0.000310752	0	0
ERR1842537	0.046581313	0	0.001906837	0.2958321983110869	0.5783165350040861	0	0	0.017433941705257423	0	0	0.008989376	0.050939798	0	0	0	0	0	0
ERR1842552	0.062208866	0.018482344102178812	0.004658152	0.35206611570247937	0.5305785123966942	0	0.000300526	0.020586026	0	0	0.003005259	0.000450789	0	0	0.006912096	0.000450789	0.000300526	0
ERR1842580	0.28403839317454677	0.030572342694632066	0.036615712762175616	0.32029861357980804	0.31105581230003554	0	0.000710985	0.008887309	0	0	0.007109847	0.000710985	0	0	0	0	0	0
ERR1842633	0.07189232	0.039904988123515436	0.011718131433095804	0.3643705463182898	0.5032462391132225	0	0.000950119	0.003958828	0	0	0.001583531	0.001900238	0	0	0	0.000475059	0	0
ERR1842759	0.041195477	0	0.002423263	0.15589660743134087	0.7455573505654282	0	0.002423263	0.046849757673667204	0	0	0	0	0	0.005654281	0	0	0	0
ERR1842860	0.007274491	0.007274491	0.009699321	0.45489815712900095	0.36566440349175555	0.026188166828322017	0	0	0	0	0.000969932	0.016488845780795344	0	0	0.001939864	0	0.1096023278370514	0
ERR1842861	0.020017406440382943	0.010443864229765013	0	0.7728459530026109	0.19321148825065274	0	0	0.001740644	0	0	0	0.001740644	0	0	0	0	0	0
ERR1843504	0.018531802965088474	0.00227164	0.0017934	0.3397895743663319	0.6093974175035868	0	0.00095648	0.003825921	0	0	0.010879961740793878	0.009325681	0.0011956	0	0.00035868	0.00167384	0	0
ERR1843581	0.040411095589702656	0.008880463	0.003093195	0.4067052484534025	0.4229694671722211	0	0	0.000898024	0	0	0	0.11205348233885452	0	0	0.000299341	0.004490122	0.000199561	0
ERR1843594	0.012315730546743795	0.006157865	0.003358836	0.7033028550102631	0.2524724762082478	0	0	0.011382720656838962	0	0	0.011009516700877029	0	0	0	0	0	0	0
ERR1843609	0.027974890829694322	0.022106987	0.006686681	0.5322052401746725	0.39792576419213976	0	0.000409389	0.001637555	0	0	0	0.010644105	0	0.000409389	0	0	0	0
ERR1843624	0.005896661	0.013120070759932188	0.005601828	0.1869978624603818	0.7771062136065453	0	0.001326749	0.008992408	0	0	0.000958207	0	0	0	0	0	0	0
ERR1843638	0.040464209	0.028858991475813906	0.03666427	0.1081441922563418	0.7798089760706584	0	0.000718907	0.002772928	0	0	0	0.00195132	0.000205402	0	0	0.000410804	0	0
ERR1843649	0.13090001188919273	0.007133516	0.002972298	0.23932944953037688	0.5205088574485792	0	0.006063488	0.016407085958863393	0	0	0.009392462	0.06289383	0	0.004399001	0	0	0	0
ERR1843695	0.095829774	0.022210142113846393	0.027490875	0.081307758	0.7201988040692708	0	0.001009552	0.001553157	0	0	0.003339287	0.046284072	0	0	0.000155316	0.000232974	0.000388289	0
ERR1843733	0.020238560813453266	0.013394603050449747	0.037543997	0.4083887368009386	0.4847477512710207	0.000488854	0	0.003128666	0	0	0.017207665232694565	0.000293312	0	0	0.010168165819319515	0.004008604	0.000391083	0
ERR1843803	0.082068207	0.00440044	0.1801980198019802	0.2385038503850385	0.4316831683168317	0	0	0.002640264	0	0.000440044	0.012321232123212322	0.047304730473047306	0	0	0.000440044	0	0	0
ERR1843822	0.008566679	0.003963688	0.016046541	0.2745173251502365	0.6783659378596087	0	0.001598261	0.000767165	0	0	0.000511444	0.013681114946937733	0	0	0	0	0.001981844	0
ERR1843826	0.007234539	0.05764294	0.027304550758459743	0.5243873978996499	0.37432905484247375	0	0	0.005600933	0	0	0	0.003500583	0	0	0	0	0	0
ERR1843832	0.077689243	0.008964143	0.054780876494023904	0.5517928286852589	0.30278884462151395	0	0	0.003984064	0	0	0	0	0	0	0	0	0	0
ERR1845890	0.015046507386467262	0.058818165	0.018329381725332848	0.611161773	0.28980485135874523	0	0	0.004103593	0	0	0.002735729	0	0	0	0	0	0	0
ERR1845904	0.027463882	0.010084394221141468	0.012158489486482621	0.1993277070519239	0.7401659276212272	0	0.000643685	0.003719067	0	0	0.003933629	0.001072808	0.000500644	0	0	0.000929767	0	0
ERR1845933	0.03973809	0.011063445	0.006096184	0.4099119440054188	0.4828403702867464	0	0	0.043802213	0	0	0.001580492	0.004967261	0	0	0	0	0	0
ERR1845943	0.024685139	0.001679261	0.004366079	0.19899244332493704	0.761712846	0	0.001007557	0.006381192	0	0	0	0	0	0.001175483	0	0	0	0
ERR1845953	0.052987198	0.037458511	0.002252252	0.5207444286391655	0.38051209103840683	0	0.000355619	0.003200569	0	0	0.001541015	0.000237079	0	0	0.000711238	0	0	0
ERR1845963	0.010594467	0.012065921130076516	0.005150088	0.4432018834608593	0.5217775161859918	0	0	0.002942908	0	0	0.003384344	0.000882872	0	0	0	0	0	0
ERR1845965	0.015628938744643307	0.00743635	0.003529115	0.2695991933450971	0.6849004285354172	0	0.00025208	0.005671792	0	0	0.000630199	0.006806151	0	0.005167633	0	0.000378119	0	0
ERR1846012	0.083350484	0.015641078	0.005453797	0.24531796665980654	0.6247170199629554	0	0.000617411	0.011627906976744186	0	0	0.005968306	0.006791521	0.000308705	0.000205804	0	0	0	0
ERR1846033	0.032608696	0.017468944	0.013586957	0.687888199	0.2278726708074534	0	0	0.016304347826086956	0	0	0.004270186	0	0	0	0	0	0	0
ERR1846044	0.015233415233415233	0.008353808	0.0004914	0.31272727272727274	0.6526781326781327	0	0.0004914	0.003439803	0	0	0.002260442	0.003734644	0	0	0.00039312	0	0.00019656	0
ERR1846053	0.019066591	0.003984064	0.002561184	0.39186112692088787	0.365110985	0	0	0.21428571428571427	0	0	0.002561184	0	0	0.000569152	0	0	0	0
ERR1846075	0.023349607	0.029717682020802376	0.001485884	0.5298238165994481	0.29951178093822967	0	0.000424538	0.002122692	0	0	0.004245383	0.10931861600509446	0	0	0	0	0	0
ERR1846125	0.008928571	0.020574534161490684	0.11024844720496894	0.076475155	0.7628105590062112	0	0	0.001164596	0	0	0.000776398	0.015916149	0	0	0	0.00310559	0	0
ERR1846174	0.086949321	0.019046041735674063	0.083636966	0.07005631	0.7239152037098376	0	0	0.001324942	0	0.000993707	0.013746273600529976	0.000331236	0	0	0	0	0	0
ERR1846178	0.010773130544993664	0.027249683143219267	0.009083228	0.8162230671736375	0.12864385297845374	0	0	0.002112379	0	0	0.00591466	0	0	0	0	0	0	0
ERR1854670	0.008520971	0.002560706	0.005783664	0.5090066225165563	0.46397350993377484	0	0.000662252	0.001545254	0	0	0.0001766	0.005783664	0.000220751	0	0.000971302	0	0.000794702	0
ERR1854782	0.021663625125095662	0.008889151	0.005415906	0.1314534644139636	0.8249249426031672	0	0	0.001883793	0	0	0.005180432	0.000588685	0	0	0	0	0	0
ERR2032184	0.044505495	0.010012210012210013	0.005250305	0.2628815628815629	0.6003663003663003	0.0003663	0.00018315	0.003113553	0	0	0.001343101	0.070757021	0.0001221	0.001098901	0	0	0	0
ERR2032206	0.006147633	0.12829257347991924	0.008256675	0.5285618128786179	0.2537132600403859	0	0	8.974646623289207e-05	0	0	0.008705407	0.066232892	0	0	0	0	0	0
ERR2032237	0.002298743	0.012619628448114093	0.004878964	0.6823981985363108	0.28382435729029837	0.000328392	0.000516044	0.003659223	0	0	0.002017264	0.007459186	0	0	0	0	0	0
ERR2032281	0.015065415620457248	0.003435972	0.002643055	0.4848685079952425	0.38240606140698646	0	0.00096912	0.095414299	0	0	0.000220255	0.000616713	0.000176204	0.014096295	0	8.810184573366812e-05	0	0
ERR2032291	0.004188164	0.003156297	0.006676783	0.3807587253414264	0.5647951441578148	0	0.00060698	0.007405159	0	0	0.00339909	0.027435508345978757	0.000242792	0	0.000121396	0	0.001213961	0
ERR2032465	0.004193072	0.015771668175537237	0.002144184	0.35274217372659267	0.5980845285176538	0	0	0.018678229380092438	0	0	0.001667699	0.002382427	0	0.003954829	0.000285891	9.529708867394101e-05	0	0
ERR2032521	0.008887408	0.005943454	0.003499417	0.336166195	0.5883463867133255	0	0.000222185	0.04110426	0	0.000666556	0.002943954	0.011609176248403043	0.000277731	0	0	0.000333278	0	0
ERR2032522	0.020347639838536945	0.031015734409753686	0.006713897	0.5620726583738364	0.3676579619408518	0	0.000164758	0.009844303	0	0	0.001400445	0.000659033	0	0	0	0	0.000123569	0
ERR2032600	0.13217031342400945	0.014784151	0.008426966	0.41942637492607926	0.40937315198107627	0	0	0.009166174	0	0	0.005026611	0.000887049	0	0	0.000739208	0	0	0
ERR2032607	0.031918564527260176	0.005521049	0.044384057971014496	0.19707556935817805	0.6741287094547964	0	0	0.014535886818495514	0	0	0.000258799	0.032177364	0	0	0	0	0	0
ERR2032617	0.059654497	0.007701472	0.013956259041783678	0.10824610671432218	0.7713386094800443	0	0.000212748	0.007105778	0	0	0	0.031614331	8.509914049868096e-05	0	8.509914049868096e-05	0	0	0
ERR2032729	0.021754386	0.001403509	0.002923977	0.34923976608187135	0.5941520467836258	0	0	0.005497076	0	0	0.003859649	0.021169590643274852	0	0	0	0	0	0
ERR2032765	0.089611475	0.00536137	0.005430998	0.16870909344102492	0.6336164879543239	0	0.000557025	0.024578749477788608	0.008494639	0.000417769	0.005918396	0.054449241052778166	0.000139256	0.000626654	0	0.001183679	0.000905166	0
ERR2032790	0.071464519	0.028938097634625064	0.034725717161550075	0.3633618520382486	0.4874182184197282	0	0	0.009058883	0	0	0.001761449	0.002767992	0	0	0	0	0.000503271	0
ERR2032791	0.046874209060997214	0.006378132	0.018476335105036698	0.12968868640850417	0.7734244495064541	0	0.000354341	0.019994937990382183	0	0	0.002075424	0.002176664	0.00015186	0.0002531	0.00015186	0	0	0
ERR2032802	0.009797623	0.035094763893350464	0.03975265	0.6252007709604883	0.2644555091551558	0	0	0.022727272727272728	0	0	0.00297141	0	0	0	0	0	0	0
ERR2032831	0.004355008	0.010812434299444361	0.018396155578915753	0.6118035741102268	0.320618712	0	0	0.032662562	0	0	0.001201382	0	0	0	0.000150173	0	0	0
ERR2032857	0.008942457	0.006739243	0.001814412	0.4068170036288232	0.5392690513219285	0	0	0.012312078797304303	0	0	0.015552099533437015	0.001425609	0	0.004536029	0	0.001166407	0	0.001425609
ERR2032860	0.033974816	0.017343787122832025	0.004038964	0.7355666429080542	0.17153718222855785	0	0	0.032549299	0	0	0.001900689	0.002613447	0	0.000475172	0	0	0	0
ERR2056768	0.002891218	0.004336827	0.000240935	0.064329599	0.095410192	0	0.000361402	0.8321888929044693	0	0	0	0.000240935	0	0	0	0	0	0
ERR2056783	0.018352539	0.011452553706074833	0.001991748	0.6319533361786883	0.3044529805093185	0	0.000355669	0.017925736	0	0	0.010385545596813203	0.002987623	0	0.000142268	0	0	0	0
ERR2056799	0.023508334	0.008360932	0.012867148053640262	0.3761333405722352	0.562897009	0	0.000760085	0.009175308	0	0	0.00184592	0.003474673	0	0	0	0.000814376	0.000162875	0
ERR2056818	0.02587519	0.00041511	0.00857894	0.17005673170056732	0.7711360177113602	0	0.00069185	0.021585720215857203	0	0.00013837	0.00124533	0	0	0	0.00027674	0	0	0
ERR2056987	0.033338946	0.006398384	0.005303923	0.4345849469607678	0.4872032328674861	0	0	0.019616096986024584	0	0	0	0.000757703	0	0.012123253072907897	0.000168379	0	0.000505136	0
ERR2057014	0.017775090689238212	0.013482466747279322	0.000785973	0.44848851269649337	0.5068923821039903	0	0.000725514	0.004957678	0	0	0.001451028	0.005441354	0	0	0	0	0	0
ERR2057080	0.12464628338739733	0.002829733	0.002691697	0.12250672924287391	0.7164745669128304	0	0.000690179	0.009662503	0	0	0.000552143	0.014217682379736352	0.000276072	0.001035268	0	0.004279108	0.000138036	0
ERR2057113	0.002283626	0.027460607	0.005081069	0.46825759305777576	0.48567024434802464	0	0	0.010162137474309203	0	0	0.000913451	0.000171272	0	0	0	0	0	0
ERR2057117	0.014572201790299078	0.007494275	0.002498092	0.5329956283394629	0.4230102005412532	0	0.000832697	0.018180556519325514	0	0	0	0.000416349	0	0	0	0	0	0
ERR2057128	0.022582678970596664	0.019315641657591563	0.005846277	0.34659253739897977	0.5941995758583137	0	0	0.002120708	0	0	0	0.00934258	0	0	0	0	0	0
ERR2057129	0.010340632603406326	0.00767944	0.003801703	0.44152980535279807	0.5156630170316302	0	0	0.019920924574209246	0	0	0.001064477	0	0	0	0	0	0	0
ERR2057130	0.055044298370963134	0.017947985138611032	0.009545584	0.3168333809659903	0.5626178908259503	0	0	0.033152329236924835	0	0	0.002457845	0.000228637	0	0.001314661	0	0	0.000857388	0
ERR2057132	0.009693477	0.003405816	0.002881844	0.3143830233167409	0.2213780455855384	0	0	0.4448519779931884	0	0.000785958	0.002095887	0.000523972	0	0	0	0	0	0
ERR2057189	0.00528522	0.00528522	0	0.5742664479679241	0.3327865864771278	0	0	0.008565701	0	0	0.010570439219974486	0.061235648	0	0	0.000728996	0.001275743	0	0
ERR2057211	0.024776076278532216	0.02109217	0.002455938	0.016324761629586824	0.10762785322161225	0	0	0.8247616295868246	0	0	0.002961572	0	0	0	0	0	0	0
ERR2057228	0.034014350660020815	0.006298954	0.03883442	0.20047105219915648	0.6985265925398477	0	0.000712056	0.019006409	0	0	0	0.001917073	0	0	0	0	0.000219094	0
ERR2091847	0.010452961672473868	0.1997884519661523	0.00130662	0.24035589845694375	0.545669487	0	0.00136884	0	0	0	0.00105774	0	0	0	0	0	0	0
ERR2091848	0.015870672473610393	0.004170665	0.00479811	0.4308333948475677	0.5356905587953052	0	0.004613568	0.002399055	0	0	0.000627445	0	0	0.000996531	0	0	0	0
ERR2091856	0.009550166	0.009170329	0.013945412122198709	0.30126431168267404	0.5505995984589506	0	0.000434098	0.008736231	0	0	0.001085246	0.1049432958923436	0.000271312	0	0	0	0	0
ERR2091893	0.10589201021524991	0.034658884	0.003648304	0.4275811747537395	0.35269974461875225	0	0.000547246	0.00985042	0	0	0.002553812	0.062385991	0	0	0.000182415	0	0	0
ERR2091918	0.007138504	0.010533646731087316	0.002263428	0.6336728475668146	0.31931748933577087	0	0	0	0	0	0	0.027074084	0	0	0	0	0	0
ERR2091926	0.027001421	0.000947418	0.003079109	0.2271435338702037	0.7271435338702037	0	0.009711037	0.003552819	0	0	0.000473709	0.000473709	0	0	0.000473709	0	0	0
ERR2091980	0.050851611322141894	0.028734223747089817	0.032532778	0.2894253155250582	0.5503002083078055	0	0.00061267	0.036760200955765224	0	0	0.007413307	0.000490136	0	0.002389413	0	0.000490136	0	0
ERR2091988	0.013652694610778443	0.010419161676646707	0.010179640718562874	0.12407185628742515	0.8134730538922156	0	0.001257485	0.015568862275449102	0	0	0.002215569	0.006946108	0.000359281	0.000958084	0.000179641	0.000718563	0	0
ERR2092002	0.075484011	0.030672178	0.037035023	0.3050358929736785	0.4246791385686317	0	0.0003263	0.11480313247770285	0	0	0.005383946	0.004024364	0.00016315	0	0	0.002392865	0	0
ERR2092010	0.092656652	0.00775845	0.032961059497924494	0.38451274955524806	0.4694109507807867	0	9.8833761612967e-05	0.007560783	0	0	0.000148251	0.004299269	0	0	0	0.000593003	0	0
ERR2092020	0.019509125235997484	0.10467799454583596	0.009439899	0.23704636039437801	0.6114956996014265	0	0.002307531	0.013635410111181035	0	0	0.00188798	0	0	0	0	0	0	0
ERR2092040	0.038994095	0.005701486	0.15679087762166566	0.3750763591936469	0.4212991244145795	0	0	0.001934433	0	0	0	0.000203625	0	0	0	0	0	0
ERR2092076	0.013905579	0.005150215	0.018540772532188842	0.36832618025751074	0.5917596566523605	0	0.000944206	0.001030043	0	0	0	0	0.000343348	0	0	0	0	0
ERR2092201	0.080594185	0.011378002528445006	0.060050569	0.2100189633375474	0.5442477876106194	0.036188369152970926	0	0.046302149	0	0	0.001580278	0	0	0.007743363	0	0	0.001896334	0
ERR2092220	0.024684804246848043	0.00796284	0.00928998	0.5950895819508958	0.3347710683477107	0	0	0.023556735235567353	0	0	0.000530856	0.003915063	0	0	0.000199071	0	0	0
ERR2092256	0.013855741182710157	0.010143198090692125	0.000331477	0.6176743569345001	0.35799522673031026	0	0	0	0	0	0	0	0	0	0	0	0	0
ERR2092263	0.016020764342611654	0.000447507	0.005638593	0.49091560010740176	0.47256779736865656	0	0.000358006	0.010919180166472748	0	0	0.000268504	0.002148035	0	0.000358006	0.000179003	0.000179003	0	0
ERR2092321	0.004152374	0.007402058	0.013720888246975989	0.7725221159053981	0.19311548414274537	0	0	0.009087079	0	0	0	0	0	0	0	0	0	0
ERR2092363	0.009669065	0.004431655	0.010820143884892086	0.32097841726618703	0.6147338129496402	0	0.000460432	0.026762589928057554	0	0	0.00057554	0.010589928057553957	0	0	0	0.000633094	0.000345324	0
ERR2092367	0.010947527368818422	0.007323518	0.00392601	0.4856172140430351	0.4431861079652699	0	0.000755002	0.015930539826349566	0	0	0.021064552661381655	0.000679502	0	0.010570026425066062	0	0	0	0
ERR2092410	0.013510132599449587	0.047035276457343005	0.032899675	0.4555291468601451	0.3727795846885164	0.013134851138353765	0	0.030460345	0	0	0.002314236	0.004691018	0	0.00425319	0.000688016	0	0.022704528396297222	0
ERR2092419	0.001082044	0.039971994	0.016867163	0.707020559	0.21978231812106166	0.000509197	0	0.012729934	0	0	0.001145694	0	0	0	0	0	0.000891095	0
ERR2303812	0.028324255046459468	0.011406600448574175	0.013200897148349888	0.262544056	0.6754886254405639	0	0.001025312	0.003460429	0	0.00032041	0.000512656	0.003588593	0	0.000128164	0	0	0	0
ERR2303830	0.006739842	0.009628346	0.003562488	0.8103215867513961	0.1563643366069709	0	0	0.010687463893703062	0	0	0.001444252	0	0	0.001251685	0	0	0	0
ERR2303837	0.004889976	0.038252228	0.015852985251202777	0.2794384415174698	0.660541052	0	0	0.001025317	0	0	0	0	0	0	0	0	0	0
ERR2303905	0.028027476255088196	0.005893826	0.028239484396200814	0.19335142469470828	0.7356682496607869	0	0.000763229	0.000720828	0	0	0.000339213	0.006911465	0	0	0	0	0	8.480325644504748e-05
ERR2303943	0.006194348	0.013859852884243129	0.004878049	0.20178087495160665	0.767402245	0	0	0.002555168	0	0	0.000464576	0.002710027	0	0.000154859	0	0	0	0
ERR2303949	0.026388125343595383	0.012827560930914422	0.015942826	0.5209822246655672	0.3745647791827011	0	0	0.013743815283122594	0	0.000916254	0.010995052226498075	0.022723108	0	0.000549753	0	0	0	0.000366502
ERR2304091	0.020263852242744063	0.003166227	0.007493404	0.3202110817941953	0.6441160949868074	0	0	0.001266491	0	0	0.000949868	0.002532982	0	0	0	0	0	0
ERR2304118	0.001493528	0.004853966	0.015474610023232659	0.4291818785263857	0.5079654829074013	0	8.297378028542981e-05	0.011533355459674743	0	0	0.001244607	0.004148689	8.297378028542981e-05	0.023689014	0.000124461	0	0	0.000124461
ERR2304121	0.014062573734132415	0.01505356	0.003397669	0.3569911754990326	0.5914775140389789	0	0	0.017649001934783633	0	0	0.001038177	0.000330329	0	0	0	0	0	0
ERR2304146	0.060174585	0.002289639	0.007298226	0.15898683457355467	0.7685317687464225	0	0	0	0	0	0.000214654	0.001860332	0	0	0.000643961	0	0	0
ERR2304149	0.047089171	0.024176824642152647	0.021192655910171464	0.3075716959182641	0.5860603914824744	0	0	0.008294977	0	0	0.004805017	0.000708108	0	0	0	0	0.000101158	0
ERR2306153	0.031623204	0.006886946	0.015708426835874024	0.7676494106115711	0.11741339730196806	0	7.73814129846011e-05	0.047615362789857875	0	0	0.000412701	0.000103175	0	0.012458407490520776	0	0	5.158760865640073e-05	0
ERR2306159	0.001411016	0.010518484	0.000230894	0.7716975807486082	0.18035352369224456	0	0	0.002103697	0	0	0.000410477	0.033274327201826624	0	0	0	0	0	0
ERR2306189	0.00568227	0.00258285	0.000437098	0.449733768	0.482357149	0	0.000357625	0.018079949137725503	0	0	0.0051657	0.035087022	0	0	0.000357625	0.000158945	0	0
ERR2306204	0.032396924531588246	0.046654557	0.004653015	0.5366393789345343	0.3552464604742591	0	0.000522531	0.009853442	0	0	0.000547413	0.013436512478538904	4.976486103162557e-05	0	0	0	0	0
ERR2306245	0.035839141	0.008566203	0.003310722	0.11024934595883593	0.8229111198573843	0	0.00085662	0.004306253	0	0	0.000555646	0.012849304285416618	4.6303799226726555e-05	0	4.6303799226726555e-05	0.000463038	0	0
ERR2306250	0.003244443	0.020220203	0.013019634110604094	0.5518901494536778	0.4065181898103571	0	0	0.002951396	0	0	0.002030393	0.000125591	0	0	0	0	0	0
ERR2308540	0.011802666213806573	0.019444680309077013	0.028105629617050182	0.15012312133820158	0.7857688715292519	0	0.000169823	0.004330475	0	0	0	0.000254734	0	0	0	0	0	0
ERR2308543	0.048874273	0.062990134	0.017758664305590692	0.44629395395901844	0.39924108272198333	0	0.000101189	0.001973185	0	0	0.000101189	0.021907412092081965	0	0	0.000202378	0	0.000556539	0
ERR2308569	0.020140105078809107	0.03765324	0.014010507880910683	0.46409807355516636	0.3283712784588441	0	0	0.001751313	0	0	0.042031524	0.087565674	0	0	0	0	0	0.004378284
ERR2308574	0.012095554883580285	0.059268219	0.0081645	0.45146658602963413	0.4523737526459026	0	0.001511944	0.002116722	0	0	0.003023889	0.007559722	0	0.002419111	0	0	0	0
ERR2308704	0.010769527297258228	0.015226714209993737	0.004674023	0.2245940345974076	0.7226425095166964	4.8185804462005495e-05	0.001252831	0.000505951	0	0	0.006794198	0.013371560738206525	0	0	0.000120465	0	0	0
ERR2308705	0.023307661126874747	0.009323064	0.014389947304418322	0.61633563	0.332792866	0	0.000405351	0.001013377	0	0	0.002432104	0	0	0	0	0	0	0
ERR2308706	0.006209894	0.01883668	0.003311944	0.5829020906644587	0.3699027116539019	0	0	0.001862968	0	0	0.014075760712067896	0.000827986	0.000413993	0.001034982	0	0	0	0.000620989
ERR2308710	0.042674616695059626	0.006473595	0.031005111	0.038074957	0.8784497444633731	0	0.001959114	0.000511073	0	0	0	0.000851789	0	0	0	0	0	0
ERR2308735	0.016295247	0.04012624	0.009210357	0.5931340976426639	0.3246811799562025	0	0	0.010627334793250032	0	0	0.005796728	0.000128816	0	0	0	0	0	0
ERR2308758	0.005525292	0.002412451	0.012607003891050584	0.42848249027237356	0.40926070038910506	0	0	0.11463035019455253	0	0	0.001712062	0.009649805	0	0.015719844357976652	0	0	0	0
ERR2308805	0.028287804149873117	0.007687715	0.00186595	0.40035826242722794	0.4320794148380355	0	0.000895656	0.085684431	0	0	0.000149276	0.042991491267353334	0	0	0	0	0	0
ERR2308819	0.047831815317637624	0.068224781	0.014836455	0.37669702698058083	0.49051956235321076	0	0	0.001718508	0	0	0	0.000171851	0	0	0	0	0	0
ERR2308908	0.009578236	0.003300064	0.000563426	0.5168222794591114	0.4155666452028332	0	0.000321958	0.053122987765614936	0	0	0	0.000563426	0.000160979	0	0	0	0	0
ERR2309211	0.062552753	0.007315015	0.033855388	0.4113288943074182	0.42136359373534654	0	0.000187564	0.055706649	0	0	0.001031605	0.006658539	0	0	0	0	0	0
ERR2309228	0.099194426	0.072044415	0.013542347	0.092031352	0.7170259089919443	0	8.708904855214457e-05	0.001894187	0	0	0.000326584	0.003265839	6.531678641410843e-05	0	0.000457218	0	0	6.531678641410843e-05
ERR2309320	0.003437816	0.060936973	0.000606673	0.766835187	0.14324233232221098	0	0	0.022716549	0	0.000269633	0.001685204	0.000269633	0	0	0	0	0	0
ERR2309395	0.063852648	0.031772831926323866	0.12217958557175748	0.34336147352264007	0.32018419033000767	0	0.000920952	0.007828089	0	0	0.011818879508825786	0.097467383	0	0.000306984	0.000306984	0	0	0
ERR2313995	0.021103896103896104	0.003689492	0.003468123	0.5722402597402597	0.24955726092089728	0	0	0.053645218	0	0.00014758	0.00501771	0.078291027	0	0.005976978	0	0	0.006641086	0.00022137
ERR2314014	0.018395503321410323	0.025549310168625446	0.00408789	0.3907766990291262	0.12123147675012774	0	0	0.4382984159427695	0	0	0.001277466	0.00038324	0	0	0	0	0	0
ERR2314038	0.004317264	0.048873637	0.019150938174572425	0.3526318702606963	0.5698234349919743	0	0	0.000885593	0	0	0	0.001328389	0	0	0.002988875	0	0	0
ERR2314087	0.008072328	0.039231514	0.001291572	0.4276719405876655	0.5114627058443655	0	0.00048434	0.006619309	0	0	0.000968679	0.004197611	0	0	0	0	0	0
ERR2314100	0.048732464	0.002953483	0.001722865	0.372877184	0.14225941422594143	0	0	0.11346295840511937	0	0	0.025350726	0.2926409057346788	0	0	0	0	0	0
ERR2314106	0.034400808032796625	0.006476145	0.10427187927039391	0.33087754738280556	0.4909393381260769	0.000178243	0	0.006416731	0	0	0.000831798	0.02020082	0	0.00285188	0.001544769	0	0.001010041	0
ERR2314158	0.020313298935527354	0.027983079998140658	0.019755496676428206	0.12810858550643797	0.7256077720448101	0.000976154	0.000836703	0.010505275879700645	0	0	0.003951099	0.061497699	0	0.000464835	0	0	0	0
ERR2314163	0.004382601	0.088583324	0.010846937657499726	0.11526240823929002	0.780650816	0	0	0.000164348	0	0	0	0	0	0	0.000109565	0	0	0
ERR2314205	0.012908043524642629	0.010987838702794964	0.011841263068060593	0.33816940473650525	0.5640068273949221	0	0.000320034	0.018561979944527417	0	0	0.003627054	0.039044164710902496	0	0.000320034	0.000213356	0	0	0
ERR2314215	0.021217442	0.017559263	0.001560823	0.5451175495073651	0.3975221929567847	0	0.000146327	0.005999415	0	0	0.000292654	0.000536533	0	0.009950249	9.7551458394303e-05	0	0	0
ERR2314259	0.049865746	0.014806290755657845	0.010740314537782892	0.3345607978519371	0.35818948983505944	0	0.000460299	0.001534331	0	0	0.005830456	0.22332182585347143	0.000153433	0.000383583	0.000153433	0	0	0
ERR2314300	0.025852477256364945	0.016820473	0.026637869	0.16512860789318673	0.7638588912886969	0	0.000458145	0.000719942	0	0	0.000130899	0.000392696	0	0	0	0	0	0
ERR2314322	0.033695349	0.02074631	0.001949318	0.297270955	0.621275411	0	0	0.004316346	0	0	0.003202451	0.005012531	0	0.004734057	0.007797271	0	0	0
ERR2314351	0.10958733325021817	0.035407056476748536	0.074180277	0.10273033287619998	0.2853758882932303	0	0	0.019448946515397084	0	0	0.002992146	0.3702780201969829	0	0	0	0	0	0
ERR2318033	0.033455337	0.022505217943676457	0.003206389	0.15520735654436008	0.7735866178650291	0	0.000453734	0.002450165	0	0	0.003629874	0.004083608	0.000302489	0.001119211	0	0	0	0
ERR2318045	0.047079924	0.076560924	0.025557672906624817	0.1375406344580204	0.6983522026678624	0	0	0.003811232	0	0	0.002690281	0.008182939	0	0	0.00022419	0	0	0
ERR2318129	0.068242344	0.007656458	0.037949401	0.49467376830892146	0.3854860186418109	0	0	0.001997337	0	0	0	0.001997337	0	0.001997337	0	0	0	0
ERR2318196	0.004356929	0.006507101	0.005601765	0.41243705086855653	0.5350534713970463	0	0.000396084	0.035138347	0	0	0.000226334	0.00016975	0	0	0.000113167	0	0	0
ERR2318267	0.005317698	0.042405236	0.027315698572857015	0.36855740387237523	0.5140896282156168	0	0.000636306	0.006863012	0	0	0.001318062	0.029951823	0	0	0.000636306	0	0.002908826	0
ERR2319250	0.00472933	0.021535343	0.007938519	0.355544295	0.6025673507305126	0	0.000337809	0.002786927	0	0	0.003293641	0.000760071	0	0.000253357	0.000253357	0	0	0
ERR2319269	0.003208745	0.000423131	0.019640339	0.38868124118476727	0.5688645980253879	0	0.00038787	0.005042313	0	0	0.003913963	0.009414669	7.052186177715091e-05	0	0	0.000141044	0.000211566	0
ERR2319305	0.005402024	0.022631638803593767	0.005345161	0.41061071306721253	0.5429318776299329	0	0	0.011884453542590698	0	0.000113727	0.001080405	0	0	0	0	0	0	0
ERR2319343	0.026200204	0.018028600612870274	0.015117466802860061	0.29443309499489273	0.6327374872318693	0	0	0.004392237	0	0	0.000919305	0.007201226	0.000153218	0.000561798	0.000255363	0	0	0
ERR2319408	0.052125800815375656	0.028246942341292953	0.051252184	0.5495049504950495	0.3089691322073384	0	0	0.003785673	0	0	0.005532906	0.000582411	0	0	0	0	0	0
ERR2319497	0.006293938	0.002061173	0.003423019	0.7166255659023152	0.2703080716993633	0	0	0.000920166	0	0	0.00011042	0.000257647	0	0	0	0	0	0
ERR2319509	0.031929662193428965	0.00379454	0.011846367422489588	0.5320684868116613	0.37251272559000465	0	0.000185099	0.001203147	0	0	0.004905137	0.03998149	0.001018047	0	0.000555298	0	0	0
ERR2404916	0.007831822	0.025556471558120363	0.014014839241549877	0.3697444352844188	0.29843363561417974	0	0	0.011541632316570486	0	0	0.008244023	0.2646331409727947	0	0	0	0	0	0
ERR2404947	0.028792912513842746	0.004245109	0.003783684	0.083425618	0.8714470284237726	0	0.00110742	0.00166113	0	0	0.00018457	0.005075674	0.000276855	0	0	0	0	0
ERR2405087	0.021056149732620322	0.016293449197860962	0.003342246	0.6153074866310161	0.334725936	0	0.000501337	0.007854278	0	0	0	0.000919118	0	0	0	0	0	0
ERR2405162	0.069392006	0.011066267413097254	0.045306601	0.2132534826194506	0.629735711	0	0	0.010415310506444474	0	0	0.001692488	0.014711626	0.000260383	0.003905741	0	0	0.000260383	0
ERR2405264	0.063095238	0.053968254	0.011111111111111112	0.1599206349206349	0.6619047619047619	0	0	0.042857143	0	0	0.000793651	0.006349206	0	0	0	0	0	0
ERR2405281	0.021673387096774195	0.003192204	0.002520161	0.26780913978494625	0.6580981182795699	0	0.001176075	0.035114247311827954	0	0	0.001344086	0.005880376	0	0.002856183	0.000336022	0	0	0
ERR2405343	0.011458060001749322	0.055366045657307794	0.003236246	0.7666404268346015	0.15122889880171433	0	0	0	0	0	0.012070323	0	0	0	0	0	0	0
ERR2405375	0.058249158	0.011447811447811448	0.006734007	0.6161616161616161	0.098653199	0	0	0.20707070707070707	0	0.001683502	0	0	0	0	0	0	0	0
ERR2405380	0.012069647803719826	0.006331619	0.00257222	0.594380689	0.3533834586466165	0	0.000593589	0.003759398	0	0	0.005935892	0.020182034032449545	0	0.000791452	0	0	0	0
ERR2405385	0.015280607519911095	0.006112243	0.005278755	0.45082422670864974	0.4514724949064642	0	0.000740878	0.067095758	0	0	0.000277829	0	0	0	0.002917207	0	0	0
ERR2523875	0.018380040533929696	0.017541408	0.00356419	0.5463694178489062	0.41093018380040536	0	0.000419317	0.002026696	0	0.000139772	0.000209658	0.000139772	0	0	0.000279544	0	0	0
ERR2523884	0.040290168	0.007744339	0.027840407803156553	0.2934026075874914	0.5991569453975101	0	0.000784237	0.004117243	0.000196059	0	0.003333007	0.021762572296833645	0.000196059	0.000196059	0.000686207	0	0	0.000294089
ERR2523885	0.014208439	0.007573026	0.004399567	0.31878831590335377	0.6181031373963217	0	0.000432744	0.029282365668950594	0	0	0.000144248	0.005986296	0.000288496	0.000649116	0.000144248	0	0	0
ERR2523926	0.064812452	0.030705112	0.012333078166198861	0.20940716169090753	0.6685378923194693	0.000255167	0.000425279	0.006719401	0	0	0.003997618	0.001445947	0	0	0	0	0.001360891	0
ERR2523980	0.043555107	0.008647898	0.025564954	0.14108067163236965	0.7206160838277995	0	0.000252493	0.027395531	0	0	0.000820603	0.028910491099608634	0	0.002588057	0.00056811	0	0	0
ERR2524105	0.004837899	0.048002011	0.044420708720784116	0.47411409901985424	0.4222794672028148	0	0.000314149	0.001633576	0	0	0.00439809	0	0	0	0	0	0	0
ERR2524125	0.024739456511152235	0.002434986	0.020551280802571344	0.27778318885750464	0.6676731274958605	0	0.000584397	0.002921983	0	0	0.002434986	0.000876595	0	0	0	0	0	0
ERR2524128	0.05098839	0.002823972	0.002823972	0.23595858173831188	0.6421399435205523	0	0.003294634	0.017257609	0	0	0.002039536	0.041888924	0	0.000784437	0	0	0	0
ERR2579702	0.00090036	0.019807923169267706	0.007202881	0.4384753901560624	0.5192076830732293	0	0	0.00180072	0	0	0.0030012	0.009603842	0	0	0	0	0	0
ERR2579757	0.010941833516963642	0.005736864	0.026252801945214847	0.17259982523460354	0.7731469169104517	0	0.001747654	0.007484518	0	0	0.001101782	0.000493902	0.000113977	0.000379925	0	0	0	0
ERR2579760	0.005608525	0.037764068	0.026827444382127502	0.6226397457468685	0.2590203776406805	0	0	0.003739017	0	0	0.005047672	0.03935315	0	0	0	0	0	0
ERR2579880	0.023563734290843807	0.035233393	0.008976661	0.37993716337522443	0.5168312387791741	0	0.003141831	0.025359066427289047	0	0	0.004712747	0	0	0.002244165	0	0	0	0
ERR2579892	0.010933081998114986	0.004147031	0.002827521	0.8431668237511781	0.11517436380772855	0	0.000565504	0.015457115928369463	0	0	0.002073516	0.00527804	0	0	0.000377003	0	0	0
ERR2579912	0.018662372110647973	0.008336491	0.020178098	0.17876089427813566	0.7602311481621826	0	0.000378931	0.007199697	0	0	0.003694581	0.002178856	0	0.000189466	0.000189466	0	0	0
ERR2579932	0.018471872376154493	0.086691856	0.001259446	0.5770361041141897	0.24832073887489506	0	0	0.036104114	0	0	0.009445844	0.022670025188916875	0	0	0	0	0	0
ERR2579936	0.018871392684271796	0.012376692604619814	0.035108143	0.3463023099074812	0.5684700692359537	0	0	0.010354757674162123	0	0.000183812	0.002818455	0.000183812	0	0.005146743	0	0	0.000183812	0
ERR2580052	0.080089485	0.010290828	0.022818791946308724	0.18568232662192394	0.6859060402684564	0	0.000671141	0.001789709	0	0	0.008501119	0.001565996	0.000447427	0	0.000894855	0	0	0.001342282
ERR2587852	0.007427785	0.006006419	0.020403484640073362	0.5681797340669418	0.38363136176066026	0	0.001834021	0.008619899	0	0	0.000550206	0.003347088	0	0	0	0	0	0
ERR2587888	0.017257658413764164	0.008602602	0.013795635753252202	0.38549097775912716	0.5640474192194712	0	0.000419639	0.008182963	0	0	0.000996643	0.001206462	0	0	0	0	0	0
ERR2696444	0.060995411224849985	0.012001412	0.004588775	0.30194140487116133	0.5687257324391105	0	0.000564772	0.04122838	0	0	0.005859513	0.002400282	0	0.001694317	0	0	0	0
ERR2696468	0.009133826	0.008415435	0.00354064	0.6276169950738916	0.3497536945812808	0	0	0	0	0	0	0.001539409	0	0	0	0	0	0
ERR2696477	0.005825417	0.006273526	0.000896218	0.2189460476787955	0.6491306685785984	0	0	0.007617853	0	0	0.00197168	0.1075461552249507	0	0.001433949	0	0	0	0.000358487
ERR2696479	0.056844938	0.021414956833725754	0.014911985648615315	0.22631460926112792	0.6542773853571028	0	0.000392421	0.003363606	0	0	0.001793923	0.019789214037448145	0	0	0	0.00016818	0.000728781	0
ERR2696514	0.029369421	0.027872157	0.001324503	0.3199539303196084	0.27371148862654765	0	0.001957961	0.3323927440253383	0	0	0.00040311	0.00040311	0	0.000345523	0.012266052404261445	0	0	0
ERR2696580	0.016210295728368018	0.0049069	0.004337349	0.44346111719605696	0.4911719605695509	0	0	0.031894852	0	0	0.000876232	0.007141292	0	0	0	0	0	0
ERR2696600	0.02344305	0.005919962	0.009708738	0.5245086431446839	0.33175467677006865	0	0	0.094719394	0	0	0.006393559	0.003551977	0	0	0	0	0	0
ERR2696602	0.027089573	0.047508848352845086	0.010345766403484889	0.5526817315545876	0.32956711135311734	0	0	0	0	0	0.031581813231690715	0.000816771	0	0	0.000408386	0	0	0
ERR2696608	0.016452190910571755	0.004723896	0.053103111	0.4831405766411468	0.397295977	0	0.001303144	0.020524515393386546	0	0	0.002932074	0.019058479	0	0.001466037	0	0	0	0
ERR2696632	0.008114035	0.039546784	0.007236842	0.4695906432748538	0.45248538011695905	0	0.000365497	0.018932748538011697	0	0	0.00372807	0	0	0	0	0	0	0
ERR2696815	0.013042284459088413	0.031301483	0.006452499	0.19659527732015375	0.7020867655134542	0	0.000549149	0.007962658	0	0	0.001647446	0.040362438	0	0	0	0	0	0
ERR2696833	0.009160305	0.014122137404580152	0	0.39637404580152674	0.5062977099236641	0	0.000572519	0.046183206	0	0	0.001335878	0.025954198473282442	0	0	0	0	0	0
ERR2696849	0.010238907849829351	0.027050941726709646	0.00644672	0.142839085	0.7919352799898876	0	0	0.012640626975097964	0	0	0.000758438	0.004803438	0	0.003286563	0	0	0	0
ERR2696935	0.003730133	0.003324684	0.00518975	0.7731916963996107	0.20807654881608822	0	0	0.006162828	0	0	0.000324359	0	0	0	0	0	0	0
ERR2697066	0.10869300911854103	0.002431611	0.000243161	0.5759270516717325	0.16486322188449848	0	0.000607903	0.008024316	0	0	0.007659574	0.12741641337386017	0	0.000364742	0	0	0	0.003768997
ERR2697069	0.10102147510657122	0.008203973	0.003136813	0.347381967	0.49336443336282476	0	0.005549747	0.002573796	0	0	0.004986729	0.033620204295021314	0.000160862	0	0	0	0	0
ERR2697555	0.033585878309771146	0.005779895	0.004608295	0.22463485120674842	0.6674998047332656	0	0.001718347	0.014371631648832305	0	0	0.000546747	0.044442709	0.00023432	0.002577521	0	0	0	0
ERR2697557	0.029595015576323987	0.022066458982346833	0.050623052959501556	0.10799584631360332	0.5106438213914849	0	0.000778816	0.001817238	0	0	0.000778816	0.2757009345794392	0	0	0	0	0	0
ERR2697608	0.027465419	0.029057618	0.000995124	0.1512588317245497	0.7556970842869938	0	0.00248781	0.003283909	0	0	0.018111254851228976	0.010846850432878894	0	0.000796099	0	0	0	0
ERR2697633	0.013319901499888069	0.054510857	0.001790911	0.3258338929930602	0.5986120438773226	0	0	0.003805686	0	0	0.002126707	0	0	0	0	0	0	0
ERR2697666	0.014917799878222043	0.007408159	0.00436371	0.4493606657195048	0.5045666734321088	0	0.001522224	0.016642987619240917	0	0	0.000507408	0.000710371	0	0	0	0	0	0
ERR2697676	0.014369404222394164	0.012711396042887145	0.002984415	0.4754062120039792	0.3313805681441362	0	0.000552669	0.14623632143251908	0	0	0	0.016359014037802586	0	0	0	0	0	0
ERR2697683	0.019142555	0.006351447	0.00194072	0.4139908256880734	0.5506351446718419	0	0.000705716	0.002734651	0	0	0.003528582	0.000793931	0	0	0.000176429	0	0	0
ERR2697703	0.019123451749013202	0.010820743160473663	0.001837485	0.18143459915611815	0.7718796787804546	0	0.00108888	0.012794338	0	0	0.00054444	0.000476385	0	0	0	0	0	0
ERR2697714	0.049315068493150684	0.049158512720156554	0.001956947	0.17487279843444228	0.589041096	0	0	0.000861057	0	0	0.000156556	0.13463796477495107	0	0	0	0	0	0
ERR2697717	0.008247732	0.021444103	0.015220814	0.19157231761265653	0.7093799205218565	0	0	0.00487366	0	0	0.00239934	0.046262277873584765	0	0.000299918	0	0	0.000299918	0
ERR2697743	0.056231003	0.023708207	0.015805471124620062	0.5413373860182371	0.16322188449848024	0	0	0.19756838905775076	0	0	0.00212766	0	0	0	0	0	0	0
ERR2697747	0.030271179314694134	0.0725247	0.001576624	0.5682152617195712	0.25635904982131597	0	0.004099222	0.049821316	0	0	0	0.016712213579987388	0	0	0.000420433	0	0	0
ERR2697749	0.037296037296037296	0.004589161	0.004807692	0.35336538461538464	0.53620338	0.000218531	0	0.020906177156177156	0	0.000145688	0.016972610722610724	0.010270979	0.000364219	0.01486014	0	0	0	0
ERR2697780	0.032203159041394334	0.007897603	0.013003812636165577	0.3059640522875817	0.6326252723311547	0	0.001089325	0.002314815	0	0	0.000953159	0.003540305	0	0	0.000272331	0	0.000136166	0
ERR2697810	0.020524781	0.028104956268221574	0.002798834	0.7420408163265306	0.17481049562682216	0	0.000233236	0.011078717201166181	0	0	0.00361516	0.016559766763848398	0	0	0.000233236	0	0	0
ERR2697898	0.010728104115371086	0.008617657	0.001231094	0.40186422792824483	0.5583890256771017	0	0.000879353	0.008881463	0	0	0.002286317	0.007122758	0	0	0	0	0	0
ERR2697916	0.023775146789873906	0.006449129	0.002502647	0.12012705746462604	0.8338627394359419	0	0.002502647	0.006160362	0	0	0.000577534	0.003753971	0	0.000288767	0	0	0	0
ERR2697919	0.055910214	0.007516474	0.006795717	0.3694398682042834	0.5305807248764415	0	0.001544481	0.005457166	0	0	0.014106260296540362	0.004015651	0.000205931	0.000720758	0.000720758	0	0	0.002985997
ERR2697957	0.072124276	0.014856367895450622	0.009246702	0.1189125878436691	0.7518801627419553	0	0.00092467	0.009185057	0	0	0.001417828	0.003637036	0	0.017815312538527923	0	0	0	0
ERR2697970	0.022994416691154863	0.033059066	0.034307964	0.2691007934175727	0.6121069644431384	0	0	0.013003232441962973	0	0	0.002130473	0.013297090802233324	0	0	0	0	0	0
ERR2697978	0.017994028887275075	0.014847091099814412	0.006374566	0.700637457	0.2158476559348019	0	0.000322763	0.042362624061970465	0	0	0.001210361	0.000403454	0	0	0	0	0	0
ERR2698045	0.003756574	0.000429323	0.000643984	0.10947729955994419	0.1543415262423527	0	0	0.7226575077814748	0	0	0	0.002039283	0.000214661	0.006439841	0	0	0	0
ERR5332662	0.05183432	0.004970414	0.004378698	0.3588165680473373	0.5523076923076923	0	0.000946746	0.015976331360946745	0	0	0.004970414	0.00556213	0	0.000236686	0	0	0	0
ERR5332663	0.10185185185185185	0.005892256	0.009259259	0.18855218855218855	0.4385521885521885	0	0	0.2558922558922559	0	0	0	0	0	0	0	0	0	0
ERR5332707	0.007126542	0.027866605756052994	0.003471905	0.3409776153494746	0.5666514390132481	0	0.001370489	0.014892645043398812	0	0	0.007126542	0.005207857	0.000365464	0.024942896	0	0	0	0
