#OTU ID	d__Bacteria;p__Firmicutes_D	d__Bacteria;p__Proteobacteria	d__Bacteria;p__Bacteroidota	d__Bacteria;p__Actinobacteriota	d__Bacteria;p__Firmicutes_A	d__Bacteria;p__Deinococcota	d__Bacteria;p__Verrucomicrobiota	d__Bacteria;p__Firmicutes_B_370539	d__Bacteria;p__Firmicutes_C	d__Bacteria;p__Campylobacterota	d__Bacteria;p__Desulfobacterota_I	d__Bacteria;p__Cyanobacteria	d__Bacteria;__	d__Bacteria;p__Firmicutes_G	d__Bacteria;p__Fusobacteriota	d__Archaea;p__Thermoplasmatota	d__Archaea;p__Methanobacteriota_A_1229	d__Bacteria;p__Synergistota
ERR10360105	0.003316714	0.013159169960048674	0.47317015388260125	0.003855141	0.39617501049933773	0	0.10331348330336086	0.000129223	0.002799823	0	0.002509073	0	0.000581502	0.000990707	0	0	0	0
ERR10360134	0.077758375	0.001578502	0.4012597512525069	0.004621121	0.4700275284626002	0	0.030532954	0.000388906	0.001357359	0.00031265	0.011781571943844986	0.000152512	0.000228768	0	0	0	0	0
ERR10360195	0.046855251	0.043745892	0.060910561706860815	0.000922696	0.5810455533646797	0	0.008468578	0.000113757	0.002591132	0	0.001036453	0.25431012690227006	0	0	0	0	0	0
ERR10360218	0.008372405	0.029824365557788196	0.6454565751283768	0.019256530475552577	0.29190853613157697	0	6.511870209124061e-05	0	0.005032745	0	8.372404554588077e-05	0	0	0	0	0	0	0
ERR10360243	0.008860432	0.013538567671280128	0.5473310912775406	0.001110249	0.4080218169275212	0	0.006607597	0.000948562	0.001864787	3.233734316388565e-05	0.001271935	0.009830552	4.311645755184754e-05	0.000538956	0	0	0	0
ERR10360251	0.003796825	0.01580228	0.31607233576056826	0.062799134	0.4987031969981907	0	0.00094475	0.001024965	0.002308398	0	0.000802146	0.097425111	4.456367703811977e-05	0.000276295	0	0	0	0
ERR1073490	0.006214435	0.042228212039532795	0.556266846	0.001946691	0.36919736448038337	0	0.004117999	0.002246181	0.009059599	7.487271638215035e-05	0.005727763	0.002433363	0.000486673	0	0	0	0	0
ERR1074894	0.011231117011733467	0.020919301015465214	0.4036743334888227	0.001184111	0.5445118231727009	0	0.003552334	0.000645879	0.00929348	0	0.003731745	0.001255876	0	0	0	0	0	0
ERR1076851	0.005935148	0.058338158656629995	0.743341054	0.006369427	0.16488129704690213	0	0	0	0.021134916	0	0	0	0	0	0	0	0	0
ERR1076919	0.032357473035439135	0.10785824345146379	0.2674560051901711	0.012245559970805288	0.5704322439380424	0	0.000810964	0.002432893	0.004135918	0	0.001054254	0.000243289	0.000973157	0	0	0	0	0
ERR1077197	0.006970753	0.5296257008637673	0.18942263979390817	0.004394605	0.23442945900894074	0	0.031519927	0.000757691	0.001363843	0	0.000606152	0.000454614	0	0	0	0	0.000454614	0
ERR1077319	0.035242291	0	0.46806167400881055	0.022026431718061675	0.4526431718061674	0	0	0	0.022026431718061675	0	0	0	0	0	0	0	0	0
ERR1079950	0.021356231	0.008366358	0.3847424042272127	0.000550418	0.5376486129458389	0	0.02553941	0.002531924	0.00330251	0.000440335	0.013760457948040511	0.000440335	0.000660502	0.000660502	0	0	0	0
ERR1080046	0.021320605	0.019093079	0.34797136038186155	0	0.549085123	0	0.032140016	0	0.029594272076372316	0	0	0.000318218	0	0.000477327	0	0	0	0
ERR1080067	0.012438234792980065	0.083489521	0.3428181973078889	0.004259669	0.4247742375191685	0	0.1078548304651559	0.000681547	0.020105639802351336	0	0.001533481	0.002044641	0	0	0	0	0	0
ERR1080162	0.075475557	0.002863571	0.48292084270812025	0.022704029	0.3943546737574146	0	0.000409082	0	0.012476989159337287	0	0.008795255	0	0	0	0	0	0	0
ERR1080175	0.028938156359393234	0.003733956	0.3185530921820303	0.012835472578763127	0.5416569428238039	0	0.08588098	0	0.003967328	0	0.00210035	0.000933489	0.001400233	0	0	0	0	0
ERR1080176	0.028115820394460762	0.010490978	0.6265211917750735	0.002308015	0.26751993285774234	0	0.051615611	0	0.002937474	0	0.007343684	0	0.001678556	0.001468737	0	0	0	0
ERR1080204	0.010173880873103959	0.009156493	0.12809840917499074	0.037735849	0.7617462079171291	0	0.006289308	0	0.039123196	0.000462449	0.007214206	0	0	0	0	0	0	0
ERR1080210	0.021368728	0.049985879695001414	0.44695472088863786	0.007813235	0.4360350183563965	0	0.006683611	0	0.009790078	0.002070978	0.002070978	0.016944365998305563	0.000282406	0	0	0	0	0
ERR1080253	0.059548254620123205	0.031748539	0.5305638919601958	0.003159059	0.3501816458695309	0	0.000947718	0	0.005212447	0	0.018164587	0.000473859	0	0	0	0	0	0
ERR1080296	0.059022787928556766	0.001437077	0.5970026688564977	0.002771505	0.33956066516115785	0	0	0	0	0	0.000205297	0	0	0	0	0	0	0
ERR1080337	0.097728247	0.014716388	0.16216602371767394	0.024003429	0.6729532790398628	0	0	0	0.020431490212887555	0	0.002286041	0.005429347	0.000285755	0	0	0	0	0
ERR1080395	0.008927082	0	0.428249625	0.003504088	0.3502419489404305	0	0.19681294843984648	0.004922409	0.00617387	0	0.000667445	0	0.000500584	0	0	0	0	0
ERR1080405	0.021519839	0.010535754	0.36942389598744674	0.015019054023761488	0.5622057834566241	0	0.002017485	0	0.017036539	0	0.000672495	0	0.001569155	0	0	0	0	0
ERR1089676	0.023176191730313406	0.000351154	0.46361162321130717	0.009042226	0.4902115705381441	0	0.001316829	0.000351154	0.005969625	0	0	0.005969625	0	0	0	0	0	0
ERR1089688	0.2169392479034645	0	0.30956627328956854	0.008651766	0.45660835578492015	0	0	0	0.008234357	0	0	0	0	0	0	0	0	0
ERR1089765	0.042532015128392275	0.010682768230376219	0.11007896	0.007564196	0.765908035	0	0.00331763	0.00179152	0.03934709	0.000199058	0.018578727357176035	0	0	0	0	0	0	0
ERR1089840	0.098881173	0.052777778	0.05007716	0.23676697530864196	0.5190200617283951	0	0	0	0.042476852	0	0	0	0	0	0	0	0	0
ERR1090083	0.22934076137418755	0.005571031	0.093779016	0.073351903	0.47725162488393685	0	0.00371402	0	0.009285051	0	0	0	0.10770659238625813	0	0	0	0	0
ERR1090099	0.042467327	0.003942508	0.18989227951448173	0.002048862	0.7547263527147425	0	0.000993388	0.000465651	0.004097725	0	0.001365908	0	0	0	0	0	0	0
ERR1090109	0.19797721460125553	0	0.14194373401534527	0.013950244129272262	0.6372936526389211	0	0	0	0.008835155	0	0	0	0	0	0	0	0	0
ERR1090145	0.058617673	0.33022261106250606	0.2291241372606202	0.067463789	0.2968795567220764	0	0.008457276	0	0.009234957	0	0	0	0	0	0	0	0	0
ERR1090166	0.027136935950574804	0.030108704	0.4506921091733792	0.002346133	0.4818174708688512	0	0.000234613	0.001133964	0.001837804	0.000312818	0.004262141	0.000117307	0	0	0	0	0	0
ERR1090244	0.010035931111386445	0.00322141	0.44628918349646884	0.000867303	0.5077437740056994	0	0.012637839	0.000743402	0.005451617	0	0	0.013009540329575022	0	0	0	0	0	0
ERR1090263	0.098919045	0.005093709	0.22326775	0.002449646	0.5745781164942841	0	0.002916245	0	0.086320865	0	0.004704876	0	0	0	0	0	0.001671981	7.77665448324131e-05
ERR1090346	0.18568464730290457	0.00461042	0.2572614107883817	0.004034117	0.5318118948824343	0	0.000922084	0.001037344	0.005301982	0	0.0093361	0	0	0	0	0	0	0
ERR1090404	0.019666953775480906	0.005670399	0.2023040482342808	0.002009762	0.7604435831180018	0	0	7.17772035601493e-05	0.006747057	0	0.00308642	0	0	0	0	0	0	0
ERR1090425	0.034346516	0.014786996831357821	0.13867699409302509	0.054375464538590934	0.7205335836951845	0	0.011266283	0	0.018112115	0	0.001838595	0.006063451	0	0	0	0	0	0
ERR1090460	0.061424606845513416	0.041443108	0.6941720629047179	0.008510638	0.16558741905642924	0	0.010360777	0	0.009805735	0	0.008695652	0	0	0	0	0	0	0
ERR1090509	0.004570039	0	0.6266403924363758	0.000251562	0.3133201962181879	0	0	0	0.018028594188922897	0	0.036853801	0	0	0	0.000167708	0	0	0.000167708
ERR1090513	0.036930518	0.033531603	0.3200209163997647	0.026733773	0.4596378848290738	0	0	0	0.12252434799660109	0	0.000620956	0	0	0	0	0	0	0
ERR1090519	0.012021350661406359	0.039173822	0.40417730331863544	0.010675330703179392	0.4817823160826178	0	0	0	0.048967278	0	0.003202599	0	0	0	0	0	0	0
ERR1090549	0.020581060102018187	0.056021290751829676	0.29252605899312484	0.001685518	0.5983588378797959	0	0.00093147	0.000576625	0.002838767	0	0.025060989	0.001419383	0	0	0	0	0	0
ERR1090560	0.027277482998281144	0.029444735	0.19139077796876167	0.17674314326283536	0.5472685150586653	0	0	0	0.02772588	0	0.000149466	0	0	0	0	0	0	0
ERR1090561	0.009250154	0.012661339889366933	0.43039336201598033	0.1815304240934235	0.2342040565457898	0	6.146281499692685e-05	0	0.13189920098340505	0	0	0	0	0	0	0	0	0
ERR1090580	0.057791638	0.000584738	0.2163531819510769	0.044147744	0.6778579085859078	0	0	0	0.003264789	0	0	0	0	0	0	0	0	0
ERR1090607	0.045249795	0.002457002	0.13718263718263718	0.007166257	0.7475429975429976	0	0.036036036036036036	0	0.021294021294021293	0	0.003071253	0	0	0	0	0	0	0
ERR1249657	0.03686308	0.010816965556504412	0.1789069171648164	0.020352975	0.7354113293481355	0	0.004412183	0.000711642	0.00185027	0	0.002704241	0.000711642	0.005123826	0.000569314	0	0	0.000853971	0.000711642
ERR1249728	0.3809184763260947	0	0.046635813456746174	0.21787112851548593	0.3467426130295479	0	0.004627981	0	0.001067996	0	0	0.002135991	0	0	0	0	0	0
ERR1249759	0.037563298	0.011261431486660116	0.24918751417126445	0.030761091376313204	0.6468142997505858	0	0.001133701	0.000831381	0.017685738	0	0.002796463	0.001965082	0	0	0	0	0	0
ERR1249809	0.11030712333172536	0.002036769	0.10181165246288257	0.040467385	0.5430937449750763	0	0	0	0.20059495095674545	0	0.001018385	0	0.000321595	0	0.000348395	0	0	0
ERR1249857	0.006321341	0.009716804	0.6043201849443722	0.033665655252131194	0.30208784857679527	0	0	0	0.036663776910851036	0	0.00722439	0	0	0	0	0	0	0
ERR1249870	0.007426308	0.005445959	0.3984309543758093	0.005522127	0.4958108005179374	0	0.053812171528676976	0.000914007	0.021022164673623278	0	0.010891918653362784	0	0	0	0	0	0.000723589	0
ERR1249889	0.010645457	0.005995717	0.688161517	0.00385439	0.2614255123891098	0	0	0	0.025328846742122973	0	0.004588559	0	0	0	0	0	0	0
ERR1249968	0.00952381	0.006471306	0.5194139194139195	0.038827839	0.36910866910866913	0	0	0	0.051892551892551896	0	0.003418803	0	0.001343101	0	0	0	0	0
ERR1249986	0.011611238532110092	0.029888188073394495	0.44968463302752293	0.002078555	0.3764334862385321	0	0.00050172	0.00050172	0.12930045871559634	0	0	0	0	0	0	0	0	0
ERR1249997	0.013597924274457045	0.073803575	0.27565827407265037	0.049730924	0.41375168172208343	0	0	0	0.17345762060349798	0	0	0	0	0	0	0	0	0
ERR1250002	0.017950235	0.005776763	0.4740891030518218	0.011666243976667512	0.44867134443599066	0	0	0	0.036407699	5.6358666553949336e-05	0.005382253	0	0	0	0	0	0	0
ERR1250004	0.029338248289443786	0.029893706	0.206882622	0.029439240538288686	0.5238720428207135	0	0.001211907	0	0.17340369126669528	0	0.005201101	0	0.000353473	0	0	0	0.000403969	0
ERR1250046	0.010426392779333956	0.021008403	0.1603382093578172	0.009959539	0.35543106131341423	0	0.1365805581491856	0	0.28784106235086626	0	0.018414773	0	0	0	0	0	0	0
ERR1250067	0.078856732	0.005500437	0.34005037783375314	0.000873901	0.5696293630802447	0	0.000616871	0.000462654	0.002981545	0	0.001028119	0	0	0	0	0	0	0
ERR1250104	0.0177484	0.004215895	0.38859105813771927	0.080726591	0.35704991412064746	0	0	0	0.15166814136261905	0	0	0	0	0	0	0	0	0
ERR1250114	0.016403937	0	0.2613427222533408	0.003280787	0.6035048411618789	0	0.089381452	0	0.021365128	0	0.003680883	0	0	0.000400096	0	0	0.000640154	0
ERR1250441	0.009649719	0.009394661	0.6321628974664173	0.009352151	0.3283880292467267	0	0.001360313	0	0.009692229	0	0	0	0	0	0	0	0	0
ERR1250528	0.005166596	0.018733305215802052	0.41223815548994797	0.005974975	0.5450583438774076	0	0.002214256	0.000632644	0.003690426	0	0.003268663	0.002917194	0.000105441	0	0	0	0	0
ERR1250547	0.002310384	0.087662552	0.7199155059739917	0.011485906660505644	0.16278302198164896	0	0	0	0.009505578	0.000396066	0.005940986	0	0	0	0	0	0	0
ERR1315823	0.007883993	0.014219343939180628	0.263269041	0.004505139	0.6906940729269323	0	0.014641700689849359	0.000422357	0.002674926	0	0.001689427	0	0	0	0	0	0	0
ERR1315835	0.15157578789394696	0.007360823	0.1342099621239191	0.007360823	0.606517544	0	0.034445794325734296	0.000357322	0.053240906	0.000571714	0.001858072	0	0	0.000357322	0	0	0.002143929	0
ERR1315897	0.031583373	0.026433338588470228	0.4744863103683851	0.011456198433969205	0.42204004414314994	0	0	0	0.008040359	0.012612328551158758	0.002785223	0.010300068316779652	0.000262757	0	0	0	0	0
ERR1315902	0.018044482	0.7700377675199328	0.13218631976500209	0.008812421	0.067561897	0	0.001258917	0	0	0	0.002098196	0	0	0	0	0	0	0
ERR1315917	0.027699622	0.007907248	0.2508974483360823	0.074415446	0.580818861	0	0.011691084	0	0.028912389638110023	0.012176190938197341	0.003686815	0	0.001794897	0	0	0	0	0
ERR1315935	0.12502093919258472	0.009380758	0.2627729074766877	0.018705679	0.5727846334245351	0	0.007370596	0	0.000670054	0	0.002568541	0	0.000725892	0	0	0	0	0
ERR1315946	0.004320503	0.007462687	0.291044776	0.056166536	0.6146897093479968	0	0.002749411	0	0.020424195	0	0.003142184	0	0	0	0	0	0	0
ERR1315974	0.017439293598233995	0	0.5582781456953643	0.088520971	0.3108167770419426	0	0	0	0.001986755	0	0.022958057395143488	0	0	0	0	0	0	0
ERR1315994	0.035236626	0.011445473251028807	0.2715406378600823	0.021090535	0.4546682098765432	0	0.18422067901234568	0.000192901	0.012024176954732511	0	0.006430041	0.002893519	0.000257202	0	0	0	0	0
ERR1316047	0.009928515	0.016746094784220282	0.6448901244373841	0.007214721	0.231003442	0	0	0.001059042	0.007744241	0	0.08141382	0	0	0	0	0	0	0
ERR1316071	0.011343804537521814	0.056719022687609075	0.30034904013961605	0.007678883	0.5801047120418849	0	0.017277486910994764	0.0008726	0.022338568935427575	0	0.001570681	0	0.00052356	0	0	0	0.00122164	0
ERR1316093	0.10762669342699448	0.001505268	0.30230807827395884	0.009784245	0.5280983442047165	0	0.016307075	0	0.032865027596588055	0	0.001505268	0	0	0	0	0	0	0
ERR1316165	0.054181896	0.007310256	0.21027735970758976	0.004515158	0.7108148785207482	0	0.004300151	0	0.003655128	0	0.004945173	0	0	0	0	0	0	0
ERR1316254	0.00981617	0.002677137	0.4151347492414778	0.000892379	0.5670176691058362	0	0.001249331	0	0.001427807	0	0.001427807	0.000356952	0	0	0	0	0	0
ERR1316263	0.014874141876430207	0.012013729977116704	0.40369946605644547	0.013157894736842105	0.5530129672006102	0	0	0	0	0.000762777	0.001525553	0	0.000953471	0	0	0	0	0
ERR1389639	0.06743654	0.029850746268656716	0.4630678723172459	0.002995969	0.39650288702473035	0	0.023423030831245233	0	0.011874931909794096	0	0.003104913	0.000381305	0.000871555	0	0	0	0.000490249	0
ERR1389684	0.016846498371335505	0.006667345	0.24226384364820847	0.006870928	0.6934548045602605	0	0.005394951	0	0.023462947882736156	0	0.004885993	0	0.000152687	0	0	0	0	0
ERR1389762	0.015328716	0.045872601339843305	0.4913705007380493	0.000397411	0.42869308504598613	0	0.00113546	0.001078687	0.010730101055978198	0	0.002498013	0.002100602	0.000681276	0	0	0	0.000113546	0
ERR1389782	0.015979894731850727	0.017829200056901702	0.4423158992839869	0.004077955	0.4817677462184077	0	0.000711271	0.002892503	0.024135805396178104	0	0.009862962	0	0	0.000426763	0	0	0	0
ERR1389808	0.023779006	0.023116022099447513	0.4260331491712707	0.024707182	0.4511381215469613	0	0	0.004287293	0.020375690607734805	0	0.024353591160220994	0.001237569	0.000486188	0.000486188	0	0	0	0
ERR1389835	0.020329397378577706	0.022278268179907523	0.37697275402193436	0.023462875921892317	0.5337613206465666	0	0.004547365	0.000229279	0.010623257	0	0.003133479	0.004509152	0	0.000152853	0	0	0	0
ERR1389870	0.12687224669603525	0.000176211	0.2731864904552129	0.02907489	0.5137151248164464	0	0.022790015	0.000587372	0.032305433186490456	0	0.000646109	0.000646109	0	0	0	0	0	0
ERR1389911	0.041987541	0.004218374	0.15671751606415854	0.003629764	0.7762299504586256	0	0.006131358	0	0.005150341	0	0.002894001	0	0	0	0	0	0.002697798	0.000343356
ERR1389967	0.007942314	0.078656774	0.5206395652628278	0.015710453896262237	0.3309994078099418	0	0.001288884	0	0.017312850524262374	0	0.00954471	0.017835371163827638	6.966941860870171e-05	0	0	0	0	0
ERR1389998	0.082651471	0.000633158	0.3864211961815702	0.013052795636080266	0.49337619325930254	0	0.001558543	0.000633158	0.017728423923631404	0	0.003263199	0	9.74089226573154e-05	0	0	0.000487045	9.74089226573154e-05	0
ERR1390001	0.027773690406121248	0.01872425	0.47730282519128897	0.012102707474985286	0.40034579164214246	0	0.018025309005297235	0	0.043003237	0	0.001324308	0	0.000220718	0	0	0	0.001177163	0
ERR1390006	0.2665750412314459	0.006652007	0.35920835623969216	0.002144035	0.2647058823529412	0	0.088730071	0	0.011819681143485432	0	0	0.000164926	0	0	0	0	0	0
ERR1417431	0.063889391	0.011792879089101753	0.27738116754021325	0.073784565	0.28397795047894453	0	0.000813302	0	0.28650822338695103	0	0.000994036	0	0	0	0	0	0.000858485	0
ERR1417477	0.054655064550986746	0.36967525450719446	0.1262583176932264	0.00949781	0.4184155149860661	0	0.014957629528521867	0.000398112	0.004037991	0	0.001421828	0.000568731	0	0	0	0	0.000113746	0
ERR1417501	0.042798604	0.003490666	0.3826073759295796	0.011230839277583851	0.5433297920777053	0	0	0.005311883	0.003794202	0.001517681	0.004401275	0	0.001517681	0	0	0	0	0
ERR1417511	0.042942761	0.21026007587837467	0.267498763	0.006928026	0.46142849287952936	0	0.000439875	0.001814483	0.005058558	0	0	0.000879749	0.001319624	0	0	0	0.001429593	0
ERR1417515	0.056004582	0.009609877	0.17571437663081524	0.00362757	0.7092216635906574	0	0.012282823140075097	0.002100172	0.020747152	0	0.002991154	0	0.000954624	0	0	0	0.006746006	0
ERR1417552	0.070785762	0.00483546	0.43868368	0.048623237	0.37689724647414374	0	0	0	0.058025520483546006	0	0.002149093	0	0	0	0	0	0	0
ERR1417566	0.090429403	0.044213974	0.3790029112081514	0.001637555	0.46542940320232895	0	0.010189228529839884	0.000909753	0.001273654	0	0.003275109	0.001273654	0.000909753	0.000545852	0	0	0.000909753	0
ERR1417570	0.1243889510571883	0.004829495	0.25973261087225397	0.009423405	0.5893751104305318	0	0.005241769	0.000647859	0.005477354	0	0.000235585	0	0.000647859	0	0	0	0	0
ERR1417572	0.10587940118758886	0.016810236681441833	0.18248724596470686	0.014552145186919796	0.6381199297482646	0	0.017395668	0	0.020740989	0	0.000669064	0	0.003345321	0	0	0	0	0
ERR1417605	0.12116788321167883	0.016642335766423356	0.3083211678832117	0.00379562	0.39313868613138686	0	0.13576642335766423	0	0.004671533	0	0.014890511	0.000875912	0.000729927	0	0	0	0	0
ERR1417637	0.005913392	0.003138646	0.5413937409024745	0.010098253	0.433679039	0	0	0.000318413	0.00268377	0.000409389	0.002274381	9.097525473071325e-05	0	0	0	0	0	0
ERR1417661	0.018656716417910446	0.002043355	0.2516879886282871	0.001243781	0.7048981284055911	0	0	0.003346363	0.018123667	0	0	0	0	0	0	0	0	0
ERR1417665	0.018462773429660847	0.023948090173255738	0.6384373536691418	0.030503713	0.2802194126697438	0	0.000602047	0.002207506	0.002742658	0.001070306	0.001070306	0	0.000468259	0.000267576	0	0	0	0
ERR1458745	0.016554127641036812	0.024232193421912438	0.37154214768024396	0.003212808	0.5418754084077543	0	0.019875844042692225	0.001034633	0.004574167	0	0.013069048	0	0.000544544	0.000108909	0	0	0.003376171	0
ERR1458747	0.007284137	0.012495097215218244	0.6152294503277862	0.002297305	0.3171401355970191	0	0.000112064	0	0.029528772	0	0.015128593040847202	0	0.000784446	0	0	0	0	0
ERR1458767	0.016175241733317417	0.018204607854840633	0.3957860809358959	0.007460905	0.5205920974095738	0	0.000477498	0	0.041303569	0	0	0	0	0	0	0	0	0
ERR1458777	0.011239123428939736	0.003383822	0.41544473090557527	0.023565904	0.5099097647437963	0	0	0	0.036335804	0	0.000120851	0	0	0	0	0	0	0
ERR1458832	0.024008028	0.002161495	0.43955534969893467	0.007295044	0.5045931758530183	0	0.001968504	0.000964953	0.014667284236529257	0	0.003319438	0.000733364	0.000578972	0.000154392	0	0	0	0
ERR1458854	0.015701668302257114	0.002453386	0.5359012103369316	0.055610075	0.36849852796859667	0	0.010876676480209355	0	0.010549558390578999	0.000245339	0	0	0.000163559	0	0	0	0	0
ERR1458902	0.006536739	0.007141992	0.5607674615663963	0.000726304	0.4020699673163055	0	0.00260259	0.000181576	0.010591938022031231	0	0.005326232	0.000726304	0	0.000544728	0	0	0.000665779	0.002118388
ERR1458907	0.039427908774642445	0.003092385	0.13954387321221493	0.039427908774642445	0.7257441051410901	0	0.000579822	0	0.050637804406648626	0.000773096	0	0	0	0	0	0	0.000773096	0
ERR1459003	0.055687204	0.012386902197328738	0.32351357173632056	0.000430849	0.5710361912968548	0	0.025689358	0.000484705	0.009209393	0	0.000915554	0.00026928	0.000215424	0.000161568	0	0	0	0
ERR1459017	0.021143756558237147	0.518205666	0.1186778593913956	0.009548793	0.32560335781741867	0	0.002990556	0.000104932	0.00089192	0	0.001836306	0	0.000996852	0	0	0	0	0
ERR1459045	0.009328669	0.001999	0.21122771947359653	0.027097562	0.6718862790826808	0	0.052917985	0	0.013049031040035538	0.000777389	0.00377589	0	0.000610806	0	0.007329668	0	0	0
ERR1459048	0.019924098671726755	0.000711575	0.3772236717267552	0.00453629	0.558111954	0	0	0	0.033651565	0	0.005840844	0	0	0	0	0	0	0
ERR1459054	0.063953935	0.005220729	0.36898272552783107	0.059040307101727446	0.4835700575815739	0	0.000268714	0	0.012130518234165067	0	0.006333973	0	0.00049904	0	0	0	0	0
ERR1459077	0.043743297397979344	0.034035107523847155	0.42117740023706046	0.041937123	0.44364170006208725	0	0.005305639	0	0.007563357	0	0.001975504	0.000620873	0	0	0	0	0	0
ERR1459084	0.027687296	0.000407166	0.28913884364820847	0.040258550488599346	0.6010280944625407	0	0.007379886	0	0.024888029315960913	0	0.009212134	0	0	0	0	0	0	0
ERR1459145	0.030956788153443545	0.056041361	0.521222953	0.000446799	0.3638220463394396	0	0.000446799	0	0.017616646	0	0	0	0.009446608	0	0	0	0	0
ERR1459158	0.013459516298633017	0	0.7652996845425868	0.004626709	0.1968454258675079	0	0	0	0.015772870662460567	0	0.003995794	0	0	0	0	0	0	0
ERR1459182	0.010272459499263623	0	0.3639543446244477	0.000478645	0.5845729013254787	0	0.012334315169366715	0	0.011966126656848307	0	0.012665684830633284	0.003092784	0.000662739	0	0	0	0	0
ERR1545870	0.052479815	0.006848328	0.036188005	0.077710496	0.8128604382929643	0	0	0	0.008434256	0.004036909	0	0	0.001441753	0	0	0	0	0
ERR1551588	0.016806431492133896	0.035484095	0.34475708642317554	0.009737335	0.5392958624991336	0	0.028345692702196966	0.000381177	0.014484718275694782	0	0.008143322	0	0.001836579	0	0	0	0	0.000727701
ERR1551589	0.012153376	0.066013085	0.28659685227571957	0.002673743	0.46172699467277034	0	0.14930421924689583	0.000850736	0.014118171322084708	0	0.004962628	0	0.001235593	0	0	0	0	0.000364601
ERR1551590	0.009995225	0.1813783224574248	0.5534935540346968	0.002896705	0.20321502466974375	0	0.037116027375457585	0.000604807	0.006875696	0	0.004360974	0	0	0	0	0	0	6.366385484641095e-05
ERR1551591	0.00654697	0.034817974	0.3580993949012995	0.000710908	0.31825546407433125	0	0.25870449360182524	0.001306087	0.013672585	0	0.006447773	0.000347188	0.000495983	0	0	0	0	0.000595179
ERR1551592	0.013234841489689135	0.098266133	0.298635478	0.002277624	0.48271263	0	0.094613727	0.000636093	0.005088745	0	0.003385657	0.000102596	0.000759208	0	0	0	0	0.000287268
ERR1551593	0.013611615245009074	0.11252268602540835	0.4664246823956443	0	0.3312159709618875	0	0.068058076	0	0.008166969	0	0	0	0	0	0	0	0	0
ERR1551594	0.005633654	0.16830319299237073	0.33069016671376095	0.002596072	0.4540830743147782	0	0.001871998	0.000370867	0.029651737779033627	0	0.00642837	0	0.000370867	0	0	0	0	0
ERR1551595	0.007533042	0.041499391	0.3425955162614462	0.001488565	0.44952411024403444	0	0.13462492669944517	0.000766837	0.014660110965763003	0	0.005886598	0	0.000992377	0	0	0	0	0.000428526
ERR1551596	0.012568583	0.05622024	0.2810045198559447	0.000797622	0.4250598216227975	0	0.19350784327943343	0.000942644	0.018296956952601938	0	0.009257245	0	0.001305199	9.668141058178039e-05	0	0	0	0.000942644
ERR1551597	0.012354546760522913	0.024086577599003973	0.3406119810372073	0.000750211	0.5463135884052419	0	0.036552858	0.001181184	0.028763428	0	0.008699261	0	0.000446935	0	0	0	0	0.000239429
ERR1551598	0.008219947	0.089227101	0.4513816804600926	0.001430776	0.39702623088792255	0	0.035657174919343525	0.001192313	0.010338055828306915	0	0.004923552	0.000182354	0.00025249	0	0	0	0	0.000168327
ERR1551599	0.0077856	0.050405539827071695	0.3275690565460249	0.001702502	0.40787359400107126	0	0.19224883311653532	0.000956462	0.003060678	0	0.007001301	0	0.00099472	0	0	0	0	0.000401714
ERR1551600	0.024642157351134137	0.014330311	0.23891601076018731	0.002092259	0.640563249	0	0.024293447577297334	0.001693733	0.042658829	0	0.010760187306964233	0	4.981568197668626e-05	0	0	0	0	0
ERR1551601	0.012023181385693279	0.051120145	0.4234351123028573	0.002104778	0.3718536458783842	0	0.11827119914655596	0.000634317	0.016722890176743648	0	0.003229248	0.000144163	0.000144163	0	0	0	0	0.000317158
ERR1551602	0.008143397	0.083890633	0.45814567126154404	0.003093581	0.412014922	0	0.015740867112506256	0.000204722	0.01210136	0	0.005550248	0	0.001000864	0	0	0	0	0.000113735
ERR1551603	0.010430636268812398	0.098226792	0.36361198033080017	0.004827895	0.47662047384890477	0	0.017583072567426614	0.000506631	0.018536730740575175	0	0.009059753	0	0.000596036	0	0	0	0	0
ERR1551605	0.015169887896260734	0.11344007523076542	0.4821698136553738	0.001187854	0.3713034225048875	0	0.006137247	0.001237348	0.005642307	0	0.003415081	0.000173229	0.000123735	0	0	0	0	0
ERR1551606	0.010857247303966368	0.078413453	0.5801133248035094	0.001498812	0.2673368671175288	0	0.047377079	0.000731128	0.006104917	0	0.00435021	0	0.003216962	0	0	0	0	0
ERR1551607	0.009163516	0.15678125234721213	0.4936281014496382	0.001001477	0.3136626524123082	0	0.003204727	0.00097644	0.015372674695175384	0	0.0060339	0	0.000175259	0	0	0	0	0
ERR1551608	0.005107565	0.11152879645330664	0.5487159580771038	0.000653768	0.19813267411690197	0	0.12877193699307415	0.000469896	0.003514005	0	0.003003248	0	4.086052260608413e-05	0	0	0	0	6.12907839091262e-05
ERR1551609	0.010594127	0.091130896	0.28118311788374284	0.001562366	0.44668692748908484	0	0.15150672031504153	0.000620666	0.010786748	0	0.004965328	0	0.000406643	0	0	0	0	0.000556459
ERR1551610	0.008217019	0.21277014858171994	0.4239644304367402	0.001688429	0.3310164340387213	0	0.009511481	0.00059095	0.006106484	0	0.003967807	0	0.002110536	0	0	0	0	5.6280954524988743e-05
ERR1551611	0.008100052	0.051818731639882494	0.2560264385692068	0.001209608	0.38143684119578364	0	0.2860938310005184	0.000518403	0.009698462	0	0.00468723	0	0.000151201	0	0	0	0	0.000259202
ERR1551612	0.037127717248736467	0.13030552106468932	0.3444151029188017	0.003532642	0.44981724698763575	0	0.00972351	0.000751998	0.012084433640544937	0	0.009601091	3.4976653084066385e-05	0.002605761	0	0	0	0	0
ERR1551613	0.009101334	0.1410524782933178	0.3565720734659701	0.001547227	0.3986020350583396	0	0.076159965	0.001783862	0.009392577	0	0.004132006	9.101334255601871e-05	0.001255984	0	0	0	0	0.000309445
ERR1551614	0.010473965790068571	0.18077010021852158	0.41863210509130183	0.000753523	0.35699394670082635	0	0.011202371084821541	0.001456811	0.013864818	0	0.00409414	0.000527466	0.001080049	0	0	0	0	0.000150705
ERR1551615	0.025234914	0.1392445497378018	0.4596853621529534	0.000559001	0.3545132696249368	0	0.003806532	0.000692097	0.013069981632816035	0	0.003114436	7.985732158543403e-05	0	0	0	0	0	0
ERR1551616	0.012830990519777706	0.17595619483491337	0.5229650212487741	0.001007955	0.2751171406777814	0	0.001852457	0.000898987	0.006892231	0	0.001988667	0.000163452	0.000326904	0	0	0	0	0
ERR1597047	0.040522408	0.1137847750245997	0.40477681366848556	0.011271133375078271	0.4237409428392522	0	0.001699615	0	0.002325789	0.000357814	0.001520708	0	0	0	0	0	0	0
ERR1597078	0.030569873997709048	0.8268184421534936	0.008233104	0.000214777	0.13029782359679268	0	0.001861397	0	0.000357961	0	0.000429553	0	0	0	0	0	0.001217068	0
ERR1597120	0.059555237	0.018121616179694842	0.4531746386862947	0.002774173	0.404895074	0	0.03906215	0.001566066	0.008725223	0	0.009575372	0	0.000268468	0.000357958	0	0	0.001924023	0
ERR1597129	0.08040201	0	0.4957286432160804	0.005527638	0.41331658291457285	0	0.004271357	0	0.000753769	0	0	0	0	0	0	0	0	0
ERR1597252	0.047441501671380816	0.013756749807148368	0.3543327333504757	0.007328362	0.5561841090254565	0	0.001928516	0	0.017099511442530215	0	0.000257136	0	0	0.000385703	0	0	0.001285678	0
ERR1678466	0.020713867758923348	0	0.4289057928613224	0.026916325336454067	0.4796957284961966	0	0	0	0.043183148	0	0.000585138	0	0	0	0	0	0	0
ERR1841499	0.072718721	0.16462841015992474	0.203104421	0.00639699	0.5305738476011289	0	0.00056444	0	0.004045155	0.00028222	0.009877705	0.001693321	0.001034807	0	0	0	0.005079962	0
ERR1841516	0.014175600248073005	0.003986888	0.5052715513422521	0.003809693	0.45113847789492334	0	0	0	0.016833525294586694	0	0.004784265	0	0	0	0	0	0	0
ERR1841538	0.092748433	0.013786929	0.2836168307967771	0.010026857654431513	0.5536257833482543	0	0.03393017	0.001253357	0.003043868	0	0.006535363	0	0.000179051	0.00080573	0	0	0.000447628	0
ERR1841571	0.044135676338373515	0.007601144	0.5001225991009399	0.00359624	0.4358806702084185	0	0.00596649	0	0.002206784	0	0.000490396	0	0	0	0	0	0	0
ERR1841606	0.046695402	0.029294380587484035	0.4640006385696041	0.007662835	0.421455939	0	0.017879948914431672	0.004150702	0.001516603	0	0.00199553	0.002314815	0	0.000319285	0	0	0.002713921	0
ERR1841637	0.006915195	0.012698811843842334	0.27993964921103914	0.019299679386433646	0.6510341359150059	0	0	0.000377192	0.023700257748161188	0	0.006035079	0	0	0	0	0	0	0
ERR1841689	0.049636175	0.000519751	0.556912682	0.003118503	0.14176195426195426	0	0	0	0.24805093555093555	0	0	0	0	0	0	0	0	0
ERR1841731	0.1759656652360515	0.010729614	0.49141630901287553	0.035765379	0.2739628040057225	0	0.007153076	0	0.005007153	0	0	0	0	0	0	0	0	0
ERR1841782	0.053460889	0.026047109896293913	0.3292869201704317	0.010451001	0.5537422622397299	0	0.004662754	0.000723531	0.003778439	0.001688239	0.003858831	0.010531393198810194	0	0.000723531	0	0	0.0010451	0
ERR1841783	0.007788162	0.011526479750778817	0.2470404984423676	0.008722741	0.6744548286604362	0	0.013239875	0	0.033177570093457946	0	0.002180685	0	0	0.00046729	0	0	0.000934579	0.00046729
ERR1841786	0.013171871680475887	0.021032504780114723	0.5445081793074145	0.007435734	0.30401529636711283	0	0.001699596	0.001699596	0.10558742298704057	0	0	0	0	0	0	0	0.000849798	0
ERR1841826	0.031312841	0.012783682849755817	0.26386095949439814	0.007756392	0.6669060614765872	0	0.007181844	0.003160011	0.005458202	0	0.000430911	0.001149095	0	0	0	0	0	0
ERR1842719	0.1070060385689241	0.001233686	0.22764755535354847	0	0.6481397311862866	0	0	0	0.015972988766963184	0	0	0	0	0	0	0	0	0
ERR1842721	0.30474934036939316	0.4393139841688654	0.047493403693931395	0	0.20844327176781002	0	0	0	0	0	0	0	0	0	0	0	0	0
ERR1842723	0.041148059	0.039383244	0.2709455693851012	0	0.6336615270295375	0	0	0	0.011517741036596692	0	0.002322125	0.001021735	0	0	0	0	0	0
ERR1842742	0.098088434	0.036493532	0.15755937439660167	0.014867735083993049	0.6754199652442556	0	0	0.005599537	0.002703225	0	0.009268198	0	0	0	0	0	0	0
ERR1842759	0.071801761	0.033139274518584866	0.16106881624123004	0	0.729213315	0.001642036	0	0	0	0	0	0.003134796	0	0	0	0	0	0
ERR1842776	0.025831703	0.004696673	0.31569471624266143	0.002504892	0.6165949119373777	0	0	0.001252446	0.031076321	0	0.001174168	0	0	0	0	0	0.001174168	0
ERR1842833	0.000841043	0.000373797	0.6728343145500421	0	0.3158583309971031	0	0	0	0.010092514718250631	0	0	0	0	0	0	0	0	0
ERR1842917	0.006814521	0.44430677735100976	0.097261802	0.029240490645521002	0.4006938421509107	0	0	0.002849709	0.018832858381860985	0	0	0	0	0	0	0	0	0
ERR1843483	0.003743892	0.002855511	0.35465448315248427	0.000951837	0.2943080144679231	0	0.339996193	0.000190367	0	0.000126912	0.001840218	0	0.000190367	0	0	0	0.000444191	0.000698014
ERR1843500	0.011381388083017184	0	0.2510600312430261	0.010935059138585137	0.6474001338986833	0	0.052108904	0.001562151	0.025106003	0	0	0	0.000446329	0	0	0	0	0
ERR1843522	0.012889097450336305	0.003003285	0.21066791803535118	0.00259659	0.7518848740810261	0	0.005599875	0.00021899	0.008571875	0	0.002878148	0	0.001220084	0	0	0	0.000469263	0
ERR1843557	0.12602609727164887	0.000284698	0.062586002	0.086737841	0.7128825622775801	0	0.000996441	0	0.00569395	0	0	0	0.000237248	0	0	0	0.00455516	0
ERR1843593	0.000581903	0.9271166715158569	0.057753855106197266	0.00203666	0.006400931	0.000290951	0	0	0.00509165	0	0.000727379	0	0	0	0	0	0	0
ERR1843624	0.006080317	0.021069005	0.1832579185520362	0.006033183	0.7705033936651584	0	0	0.001131222	0.010982277526395173	0	0.000942685	0	0	0	0	0	0	0
ERR1843679	0.013321552368653572	0.005097533	0.6171413036090532	0.072181064	0.25997417250050975	0	0.005913138	0	0.021885407462788012	0	0.00305852	0	0	0	0	0	0.001427309	0
ERR1843730	0.013048368953880765	0.005399325	0.4137232845894263	0.022497188	0.5376827896512936	0	0.000899888	0.000899888	0.005849269	0	0	0	0	0	0	0	0	0
ERR1843787	0.10517519250283532	0.000537217	0.01862353	0.007162896	0.7361666567181997	0.000835671	0.12714140750910286	0	0.001850415	0	0.002507014	0	0	0	0	0	0	0
ERR1843788	0.012164429530201342	0.000419463	0.097595078	0.007550336	0.8512304250559284	0	0.017058165548098435	0.002936242	0.011045861	0	0	0	0	0	0	0	0	0
ERR1843847	0.003565292	0.010309278350515464	0.6872852233676976	0	0.26847079037800686	0	0.014390034364261168	0.000257732	0.014604810996563574	0	8.59106529209622e-05	0.000515464	0.000171821	8.59106529209622e-05	0	0	0.000257732	0
ERR1844552	0.011962823226281403	0.004263673	0.22324468574583603	0.002821999	0.7361123891905156	0	0.00659489	0.000214717	0.009355541	0	0.003098064	0	0.002239195	0	0	0	9.202171712524156e-05	0
ERR1844565	0.12452653729249474	0.000748188	0.061211129	0.092027122	0.711386486	0	0.000981997	0	0.00402151	0	0	0	0.001028758	0	0.000187047	0	0.003881225	0
ERR1844580	0.000531773	0.9179739431002393	0.066471683	0.000664717	0.009173092	0	0	0	0.003988301	0	0.000664717	0	0.000531773	0	0	0	0	0
ERR1844625	0.014701878573373264	0.007078682	0.43071059079771307	0.025592159	0.5072148107813776	0	0	0.001361285	0.007350939	0.001089028	0	0	0.004900626	0	0	0	0	0
ERR1844657	0.08311549	0.000636772	0.019036128	0.006233662	0.6430055633755614	0.000636772	0.24358200951806422	0	0.001876801	0	0.001541658	0	0.000335143	0	0	0	0	0
ERR1845766	0.010429390209527389	0.035140468	0.5788781358639481	0.001315419	0.3579817720567509	0	0.003006671	0.000375834	0.000751668	0	0.012120642675937236	0	0	0	0	0	0	0
ERR1845820	0.042502952	0.039655532	0.5448989513160636	0.003333565	0.36106674074588513	0	0.003194666	0.000208348	0.003403014	0	0.000416696	0	0	0.000138899	0	0	0.001180638	0
ERR1845878	0.024157764995891538	0.001807724	0.059326212	0.032484251	0.7781429745275267	0	0.011010682004930156	0.001588606	0.090276637	0.000602575	0.000602575	0	0	0	0	0	0	0
ERR1845916	0.084902544	0.004955401	0.4053518334985134	0.029402048232573506	0.4449950445986125	0.00066072	0.013875123885034688	0.00066072	0.012884044	0	0	0	0	0	0	0	0.002312521	0
ERR1845941	0.000544204	0.003166279	0.4948547964181467	0.006134666	0.15539504279424132	0	0.33503191015682976	0.000123683	0.001459457	0	0.002696285	0	0	0.000148419	0.000197892	0	0	0.000247366
ERR1845999	0.033787703	0.091538573	0.3215269721577726	0.00337152	0.5309599767981439	0	0.010912122969837587	0.000580046	0.00587297	0.000362529	0.001087587	0	0	0	0	0	0	0
ERR1846012	0.051679869	0.015624146408085222	0.2515706091231904	0.005025949	0.647691887	0	0.005954657	0.00016389	0.014586178639715924	0	0.006774105	0.000273149	0.000437039	0.00021852	0	0	0	0
ERR1846052	0.057414928	0.023946226	0.3555524436353452	0.015684077860243662	0.48620641366755357	0	0.007842039	0.001400364	0.048872706903794985	0	0.001820473	0	0.001260328	0	0	0	0	0
ERR1846070	0.004855842	0.011272490786906569	0.5973986559722523	0.012789941469759376	0.28380663342727075	0	0.061781921	0.000260134	0.027530890960329502	0	0.00030349	0	0	0	0	0	0	0
ERR1846158	0.005443866	0.4937204527004441	0.32873310730146604	0.00133709	0.15534119669547777	0	0.000191013	0.000477532	0.012224822119287522	0	0.002387661	0	0.00014326	0	0	0	0	0
ERR1846159	0.04994154	0.002672457	0.3621179221646902	0.015366628	0.3118423250375814	0	0.004008685	0	0.24152330048438284	0	0.012527142141306163	0	0	0	0	0	0	0
ERR1846178	0.009559577	0	0.8048253101172186	0.011152839421873222	0.14043473312848526	0	0	0	0.026061226812336406	0	0.007966314	0	0	0	0	0	0	0
ERR1854685	0.003143373	0.006461377	0.27079573898364284	0.017346760579777635	0.695092846	0	0.003900111	0	0.00098958	0.000349264	0	0	0.000349264	0	0	0	0.001571686	0
ERR1854688	0.002434025	0	0.5379622512597148	0.001110257	0.32436587240584164	0	0.11136732428046801	0	0.010590144333418738	0.000640533	0.009522589	0	0	0.000256213	0.00175079	0	0	0
ERR2032171	0.006586538	0.002644231	0.661201923	0.002548077	0.2929326923076923	0	0.017067308	9.615384615384615e-05	0.016682692307692308	0	0	0	0.000240385	0	0	0	0	0
ERR2032177	0.003238866	0.027272727	0.5316157526683842	0.001950681	0.42050055207949943	0	0.002061097	0.000220832	0.010894368789105631	0	0.001693044	0.000220832	0.000331248	0	0	0	0	0
ERR2032210	0.1327260260554413	0.002252914	0.17283769223234402	0.004016064	0.5374669409344696	0	0.022088353	0	0.11783720246841023	0	0.008472916	0.001126457	0.000636693	9.795278675678323e-05	0	0	0.000440788	0
ERR2032213	0.008373994	0.00890149	0.13161018066728208	0.001681393	0.830542002	0	0.002802321	0.001681393	0.010681788	0.00042859	0.00151655	0.000989054	0.000395622	0.000395622	0	0	0	0
ERR2032271	0.007594937	0.02600211	0.6104430379746836	0.005274262	0.3328059071729958	0	0.000949367	0	0.011814346	0.000316456	0.002531646	0.002109705	0	0	0	0	0.000158228	0
ERR2032272	0.011724843	0.012208895821007907	0.6897757220459313	0.008067552	0.25289087290915935	0	0.001936213	0	0.020706717581885657	0	0.002581617	0	0	0	0	0	0.000107567	0
ERR2032273	0.009264218	0.042304809	0.677198244	0.010710078	0.23369390596551354	0	0.003266574	0	0.019063939166755917	0.000321302	0.002516868	0.00133876	0	0	0	0	0.000321302	0
ERR2032319	0.009508882	0.000992685	0.4218390804597701	0.01123302	0.5507836990595611	0	0	0	0.0053814	0	0.000261233	0	0	0	0	0	0	0
ERR2032320	0.005798798	0.0007448	0.5023141990743204	0.004043198	0.47986380805447676	0	0	0.002287599	0.004841198	0	0	0	0	0.0001064	0	0	0	0
ERR2032321	0.007457847	0	0.5428015564202334	0.002846231	0.4388240380458279	0	0	0	0.007890186	0	0	0	0	0.000180141	0	0	0	0
ERR2032349	0.019656687	0.027673355	0.3338919335114815	0.026858100457448256	0.5653788667965035	0	0.000498211	0	0.023144164137868562	0.000407627	0.000724671	0	0.000769962	0	0.000996422	0	0	0
ERR2032350	0.014374059836202574	0.013872639144242018	0.31358292941110927	0.071173882	0.5591676416513455	0	0.003482088	0	0.021756087	0.00033428	0.001169982	0	0.000863558	0.00016714	5.5713410217839434e-05	0	0	0
ERR2032351	0.00314096	0.047833697	0.6337785024096675	0.000887141	0.28220682379456685	0	0.001102932	7.193037140048433e-05	0.029131800417196155	0	0.001702352	0	0.000143861	0	0	0	0	0
ERR2032352	0.008392126	0.050722576	0.4740270823850706	0.005518889	0.4217683204369595	0	0.011407601	0	0.026655666818388712	0	0.001223259	0	0.000284479	0	0	0	0	0
ERR2032358	0.001476278	0.011097536	0.8334860517206272	0.001527184	0.12807982081042557	0	0.001985339	0.000254531	0.021686010995723884	0	0	0	0.000407249	0	0	0	0	0
ERR2032410	0.005510639	0.022002333	0.48823458428864486	0.004022364	0.4620489923977314	0	0.001287157	0	0.016049233739592134	0.00044246	0	0	0	0	0.000402236	0	0	0
ERR2032418	0.003565792	0.010814286549365757	0.5779505465598878	0.001812124	0.38802829251183724	0	0.00438417	0	0.002045946	0	0.001753668	0.009469808	0	0.000175367	0	0	0	0
ERR2032419	0.004897755	0.020306020306020307	0.7721292721292722	0.001608752	0.19744744744744744	0	0.001287001	0	0.00039325	0	0.001430001	0.000500501	0	0	0	0	0	0
ERR2032420	0.004992216	0.012990498684846207	0.662998551	0.002415589	0.3094100595845188	0	0.004992216	0	0.000751516	0	0.000858876	0.000590477	0	0	0	0	0	0
ERR2032421	0.007911798	0.036225779	0.21292260356763487	0.002490751	0.6526134573825134	0	0.022233617816197208	0.00029303	0.001025603	0	0.006336764	0.057800081	0	0.000146515	0	0	0	0
ERR2032426	0.065254527	0.000204988	0.027810044414075846	0.005944653	0.8662111376836351	0	0	0.00204988	0.032524769	0	0	0	0	0	0	0	0	0
ERR2032437	0.051931701943504605	0.008261862	0.021166103	0.003776851	0.8875599968526241	0	0	0.00125895	0.026044535	0	0	0	0	0	0	0	0	0
ERR2032462	0.010480795	0.001982853	0.18329115836386298	0.008686785	0.7647769762435321	0	0.000113306	0	0.028288703402953506	0	0.002020622	0.000151075	0	0	0.000207727	0	0	0
ERR2032497	0.008961023	0.008710365	0.327233989	0.005451811	0.611041484	0	0.005326482	0.001691941	0.022433888958516106	0	0.008271713	0.00056398	0	0.000187993	0	0	0	0.000125329
ERR2032600	0.13784817039868924	0.008083015	0.45144729655925725	0.008083015	0.3686510103768433	0	0.000873839	0.00032769	0.019989077007099947	0	0.004696887	0	0	0	0	0	0	0
ERR2032603	0.007611444	0.056074518	0.596833001	0.000239521	0.27031270791749834	0	0.028023952095808383	0	0.040399201596806385	0	0.000505655	0	0	0	0	0	0	0
ERR2032607	0.028598421979930035	0.013507647524449098	0.19449480376886347	0.047366136	0.6851620151673774	0	0.024998084927099557	0	0.005592013	0	0.000280877	0	0	0	0	0	0	0
ERR2032721	0.17742616033755274	0	0.081223629	0.003797468	0.7031645569620253	0	0.011603375527426161	0.004008439	0.018776371308016876	0	0	0	0	0	0	0	0	0
ERR2032728	0.003980421	0.019848313700177506	0.5334301543757732	0.003711473	0.39164111666935614	0	0.003711473	0	0.04044968	0.000215158	0.00301221	0	0	0	0	0	0	0
ERR2032733	0.0056932	0.005728343	0.5178703215603585	0.010226673695308382	0.33979968371112285	0	0.084097698	0.000456862	0.015533298190124759	0	0.007836936	0	0	0	0	0	0	0.012756985
ERR2032739	0.024256360804094653	0.000519249	0.4330539277501669	0.000741785	0.2605889770788517	0	0.21051850752911505	0	0.069282694	0	0	0	0.001038499	0	0	0	0	0
ERR2032769	0.012960983	0.005255657	0.2418492784607162	0.008996971	0.7203812577944059	0	0.000178158	0	0.009798682	0	0.000579013	0	0	0	0	0	0	0
ERR2032790	0.069436113	0.010797840431913617	0.3564787042591482	0.032393521	0.5011997600479904	0	0.00419916	0	0.023845231	0.00029994	0.00134973	0	0	0	0	0	0	0
ERR2032802	0.011076923076923076	0.022820512820512822	0.6164615384615385	0.041333333	0.2712820512820513	0	0	0	0.034512820512820515	0	0.002512821	0	0	0	0	0	0	0
ERR2032842	0.00713005	0.007362093	0.3619871321590549	0.012825651	0.5924691488239637	0	0	0.000400802	0.013585064866575255	8.437928488556059e-05	0.00350174	0	0	0	0	0	0.000653939	0
ERR2033459	0.013253012	0.042525658	0.49058456046407856	0.005354752	0.4252565818830879	0	0.004194556	0.000446229	0.012360553324408746	0	0.004640785	0.000535475	8.92458723784025e-05	0.000133869	0	0	0.000624721	0
ERR2033473	0.004073993	0.028077515965646335	0.6444982749761433	0.003193129	0.3112016442780592	0	0	0	0.006496366	0.000293621	0.001211187	0	0	0	0.000954269	0	0	0
ERR2056768	0.003066	0.8299177021139261	0.067855414	0.000242053	0.092383411	0	0.000161368	0.000322737	0.006051315	0	0	0	0	0	0	0	0	0
ERR2056874	0.081938012	0.002493766	0.12682579266120414	0.00641254	0.7125044531528322	0	0.002493766	0.001425009	0.063769149	0	0.002137513	0	0	0	0	0	0	0
ERR2056988	0.018607033117104814	0.056162513	0.5201433936497099	0.001707067	0.3668487538409013	0	0	0	0.034824172	0	0.001707067	0	0	0	0	0	0	0
ERR2057047	0.003224321	0.000978812	0.9234223859972363	0.002648549	0.054180101	0	0	0	0.014106402579456471	0	0.001439429	0	0	0	0	0	0	0
ERR2057053	0.016715116279069766	0.006944444	0.34270025839793283	0.018653100775193797	0.5992409560723514	0.000565245	0.008478682	0.000403747	0.000645995	0	0.003552972	0	0.002099483	0	0	0	0	0
ERR2057127	0.015235862877234104	0.46996777029006737	0.091708175	0.014356870788162907	0.3568707881629065	0	0.025197773	0	0.013770876	0.000585995	0.003222971	0.009082918	0	0	0	0	0	0
ERR2057130	0.052013302	0.033795995	0.2941878117545001	0.010012289452757898	0.5861707511024362	0	0.000325309	0	0.018651052	0.000975927	0.002494036	0.001373527	0	0	0	0	0	0
ERR2057133	0.14542286556761827	0.001340303	0.20225170888620828	0.014609301702184694	0.5851762498324622	0	0.001206273	0	0.045704329178394315	0	0.002546576	0	0	0	0	0	0.001742394	0
ERR2057160	0.003204425	0.007813529	0.37790263816338177	0.009964444	0.5809226987401782	0	0.011193538475044994	0	0.007418463	0.00035117	0.001229094	0	0	0	0	0	0	0
ERR2057186	0.021825669	0.000686342	0.20398078242964995	0.011599176389842142	0.7027453671928621	0	0.024845573	0.000892244	0.029855868222374744	0.000343171	0.002539465	0	0.000137268	0	0.000549073	0	0	0
ERR2057223	0.022536338	0.010445837	0.8291772236298173	0.009156776	0.10814775303373783	0	0	0	0.020536071476196825	0	0	0	0	0	0	0	0	0
ERR2091860	0.003983206	0.004413823	0.898751211	0.013941220798794273	0.059263645	0	0.000269136	0	0.019054795995263215	0	0.000322963	0	0	0	0	0	0	0
ERR2091918	0.005545697	0	0.6272182786157942	0.001441881	0.33229813664596275	0	0.024622892635314995	0	0.008873114	0	0	0	0	0	0	0	0	0
ERR2091924	0.008277508	0.000693001	0.29144529144529147	0.005043505	0.6816046816046816	0	0.001540002	0	0.010241010241010241	0	0.001155001	0	0	0	0	0	0	0
ERR2091933	0.009117865	0.000444774	0.36464047442550035	0.042550037064492216	0.5564862861378799	0	0.000296516	0	0.026464047442550036	0	0	0	0	0	0	0	0	0
ERR2091949	0.033759231	0.011428906341577776	0.2510842808580471	0.010022272	0.5989919118508967	0	0.075430782	0.000293049	0.006095417	0	0.0077951	0.003164928	0.000586098	0.000293049	0	0	0.001054976	0
ERR2092054	0.085094549	0.003337041	0.14265850945494996	0.079532814	0.6754727474972191	0.001112347	0.00083426	0	0.011401557285873193	0	0	0	0.000556174	0	0	0	0	0
ERR2092061	0.014143426294820717	0	0.597011952	0.008366534	0.37838645418326694	0	0	0	0.002091633	0	0	0	0	0	0	0	0	0
ERR2092069	0.024140357048632485	0.001802832	0.5662650602409639	0.001319145	0.35889543575762906	0	0.021721924193122858	0	0.024711986632662036	0.000175886	0.000659573	0	0	0.000307801	0	0	0	0
ERR2092105	0.014730006835269992	0	0.19904306220095694	0.062474367737525634	0.7134996582365003	0.000136705	0.000170882	0.000444293	0.008851675	0	0	0	0.000649351	0	0	0	0	0
ERR2092169	0.006495695	0.017281000091920212	0.45322793148880103	0.013297790850874774	0.46511627906976744	0	0.011122345803842264	0.00012256	0.025768299782455494	6.128014216992984e-05	0.006403775	0.000490241	0	0	0	0	0.000612801	0
ERR2092236	0.007844456	0.000112064	0.48058497226424607	0.00829271	0.48971815991483164	0	0	0	0.012943352	0	0	0	0.000280159	0.000224127	0	0	0	0
ERR2092260	0.006103028	0.030544066178810055	0.6073814826598791	0.012032510918925174	0.31813843172417783	0	0.001214821	0	0.017094264310299943	0.000549562	0.006826136	0	0	0	0.000115697	0	0	0
ERR2092261	0.004726855	0.021878587	0.5708353028563711	0.004017827	0.37970153285164426	0	0.002768587	0.00010129	0.009892633	0.002734823	0.003139982	0	0	0	0.00020258	0	0	0
ERR2092262	0.00090611	0.034216431	0.5994131860545392	0.004746289	0.3038488091128754	0	0.021530894028305145	8.629616845012081e-05	0.03197273	0	0.003192958	0	8.629616845012081e-05	0	0	0	0	0
ERR2092267	0.006004879	0.047898292362544566	0.5134640645524489	0.003659223	0.4097860761869019	0	0.002627135	0	0.015340589228748359	0	0.001219741	0	0	0	0	0	0	0
ERR2092268	0.005105762	0.042044389	0.508856934	0.005053663	0.41163905387100136	0.000729395	0.000729395	0	0.022090237	0	0.003751172	0	0	0	0	0	0	0
ERR2092269	0.004524087	0.052945958364259714	0.55239812	0.001307744	0.3708337751387269	0	0.002014633	0	0.013254161806807338	0	0.002615488	0	0.000106033	0	0	0	0	0
ERR2092270	0.003790605	0.059210210642483566	0.5972841994146154	0.001487453	0.30444796314956096	0	0.000719735	0	0.027301952881339665	0	0.005757881	0	0	0	0	0	0	0
ERR2092271	0.011935483870967743	0.023629032258064515	0.740766129	0.00108871	0.21810483870967742	0	0.000725806	0.000645161	0.002258065	0	0.000403226	0.000443548	0	0	0	0	0	0
ERR2092272	0.007034413	0.020293522267206477	0.7857034412955466	0.000404858	0.18289473684210528	0	0.000379555	0.000632591	0.001847166	0	0.000151822	0.000506073	0	0.000151822	0	0	0	0
ERR2092273	0.012669092906681315	0.033887249	0.7010574744214791	0.000995674	0.24565680148321087	0	0.000721005	0.000892673	0.00267802	0	0.000927007	0.000343336	0	0.000171668	0	0	0	0
ERR2092274	0.004685927	0.01893734	0.7744171636588956	0.001123073	0.18306095577414608	0	0.001471613	0.000425993	0.015451940206025869	0.00011618	0.000309813	0	0	0	0	0	0	0
ERR2092294	0.003874641	0.015524921584649042	0.7239516065262659	0.003716492	0.1676111652916524	0	0.008513667	0.001212473	0.075041514	0	0	0	0.00055352	0	0	0	0	0
ERR2092295	0.005868281	0.015549076773566569	0.781752261	0.001831502	0.16135904911415117	0	0.000523286	0.001607236	0.031210286	0	0	0	0.000299021	0	0	0	0	0
ERR2092296	0.004930279	0.012848605577689243	0.8190239043824701	0.003486056	0.1250996015936255	0.000149402	0.003585657	0.001344622	0.029282868525896413	0	0	0	0.000249004	0	0	0	0	0
ERR2092304	0.016291327	0.044414138808005606	0.5378718071578636	0.0024695	0.3825144668460433	0.000516015	0.008035089	0.000147433	0.003722679	0	0	0.003870112	0	7.37164129593454e-05	0	0	7.37164129593454e-05	0
ERR2092305	0.015172346066974369	0.040410488	0.2655406068938427	0.001227536	0.31316900716881074	0	0.3599135814592949	0.000392812	0.002160464	0.000834725	0.000196406	0.000245507	0	0	0	0	0.000736522	0
ERR2092306	0.022935257262198597	0.031061325232580216	0.4808050123409911	0.000797418	0.4432124549079172	0	0.009189292	0.000265806	0.002544143	0	0.00049364	0.008202013	0.000151889	0.000341751	0	0	0	0
ERR2092307	0.017799087057896294	0.017076614889494596	0.5335456963646514	0.002988408	0.4111195034645824	0	0.013497093691504385	9.851893205477652e-05	0.002003218	0	0.000295557	0.001018029	0	0.000164198	0	0	0.000394076	0
ERR2092338	0.008501964	0.089146323	0.5944911251429423	0.000596629	0.29876199472977677	0	0	0	0.002436235	0	0.000696067	0.005369661	0	0	0	0	0	0
ERR2092339	0.001487054	0.034071028691392585	0.720127712	0.000918474	0.23622288313505949	0	0	0.000218684	0.004854794	0	0.001618265	0.000174948	0.000306158	0	0	0	0	0
ERR2092340	0.004221536	0.039947073	0.5291412009325185	0.00094512	0.4106546531409489	0	0	0	0.002488816	0	0.000882112	0.011561968369982988	0.00015752	0	0	0	0	0
ERR2092341	0.006556353	0.016703090852325943	0.6143719429701322	0.000624415	0.3562805702986783	0	0	0	0.005307524	0	0	0	0.000156104	0	0	0	0	0
ERR2092358	0.089596203	0.008386859	0.19412510739270958	0.022133126048357404	0.6341692918217895	0	0.011005196	0.001063699	0.008100479	0	0.009286912	0.019310232	0.000981876	0.000981876	0	0	0.000859142	0
ERR2092359	0.06909928	0.004689032	0.39174730380664136	0.004092246	0.48608210068630375	0	0.003879108	0.000511531	0.008056609	0	0.010060104863804936	0.019225030904983162	0.001108317	0.001193572	0	0	0.000255765	0
ERR2092367	0.008602151	0.021336706725701034	0.4928526249209361	0.003837234	0.43415559772296014	0	0.000801181	0.000590344	0.009065992	0	0.019228336	0.009529833	0	0	0	0	0	0
ERR2092368	0.005839543	0.024796269664879942	0.512398135	0.003486295	0.4109469647448468	0	0.000827995	0.000305051	0.009892361	0	0.020046193402187648	0.011461193184294243	0	0	0	0	0	0
ERR2092374	0.048939034	0.014890753414850662	0.20354514475530483	0.005784485	0.7084562297757796	0	0.004610406	0.001546347	0.00793219	0.00377996	0.000515449	0	0	0	0	0	0	0
ERR2092385	0.004443576	0.018555594	0.43268714292690075	0.001220763	0.523951365	0	0	0	0.016309390106938815	0	0.00283217	0	0	0	0	0	0	0
ERR2092386	0.006138628	0.025326224217763434	0.5712080819419111	0.000526168	0.377648379	0	0.000210467	0	0.015890276413638278	0	0.003051775	0	0	0	0	0	0	0
ERR2092387	0.004169954	0.013298771554153049	0.3479093880311056	0.001127015	0.5991209286599797	0	0.00078891	0	0.031331004	0	0.002254029	0	0	0	0	0	0	0
ERR2092388	0.003887399	0.027926720285969615	0.6265415549597855	0	0.32819481680071494	0	0	0	0.009606792	0	0.003842717	0	0	0	0	0	0	0
ERR2092405	0.015767199730347178	0.024980337815063106	0.35642859817984346	0.00925059	0.5764952623497247	0	0.000187259	0	0.016066813977004605	0.000299614	0.000299614	0	0	0	0.000224711	0	0	0
ERR2092406	0.006762253	0.069707138	0.2444580028472646	0.00950783	0.5809436648362822	0	0.064571893	0	0.020235916209070573	0.001321944	0.002491357	0	0	0	0	0	0	0
ERR2092407	0.012125295	0.037442460985741555	0.360839789	0.007522174	0.34265184686201866	0.000561356	0.1830582687773661	0	0.024643538789715955	0.025261031	0.003985629	0	0.001908611	0	0	0	0	0
ERR2092432	0.006133412	0.029017385051393764	0.6100418764011675	0.008586777	0.2980415380060065	0	0.029863372953766763	0.00067679	0.014127997969629035	0.00067679	0.001142084	0	0	0	0.001691976	0	0	0
ERR2092433	0.014283330552311029	0.019622893375604872	0.4172534623727682	0.013615885199399299	0.29220757550475557	0.000266978	0.21568496579342566	0	0.024161521775404638	0.000200234	0.002235942	0	0.000166861	0.000166861	0.000133489	0	0	0
ERR2092434	0.009756759	0.012907379	0.5012534724574835	0.007995122	0.3872891117284369	0	0.055898096	0.000440409	0.022088217358899653	0.000237143	0.00199878	0	0	0.000135511	0	0	0	0
ERR2092435	0.048079906	0.006017743	0.021341274272597556	0.002295428	0.8842359947887586	0	0	0.002109312	0.035920342	0	0	0	0	0	0	0	0	0
ERR2092452	0.018363666	0.009291141	0.6307044870743838	0.001639613	0.3325135268076734	0	0.000218615	0.000491884	0.002022189	0.000327923	0	0.004426955	0	0	0	0	0	0
ERR2092453	0.010094916344916344	0.00498713	0.7384572072072072	0.001447876	0.23540057915057916	0	0.00164897	0.000201094	0.001769627	0	0	0.005751287	0	0	0.000241313	0	0	0
ERR2092454	0.018783199167624994	0.00832375	0.7169651169158315	0.000766661	0.2405125677673731	0	0.0007119	8.21422704123542e-05	0.001369038	0.000191665	0	0.012293959805049012	0	0	0	0	0	0
ERR2092455	0.012569884807324303	0.007054144	0.7338186184383325	0.000750441	0.24036621515140144	0	0.002138757	0.000337698	0.001801058	0.000300176	0	0.000863007	0	0	0	0	0	0
ERR2092475	0.051815948	0.004164391	0.033042054	0.008192245	0.8883123975969416	0.000341344	0	0.000682687	0.013312397596941562	0	0	0	0	0	0.000136537	0	0	0
ERR2303846	0.014942725252179859	0.7594460591554112	0.1201914857240554	0.000307745	0.098478372	0	0.001778082	0	0.004547786	0	0.000307745	0	0	0	0	0	0	0
ERR2303854	0.004602841	0.027266351043310537	0.3492021742942311	0.005961775	0.5461599158337717	0	0.060713659	0.000175346	0.000175346	0.001183588	0.002498685	0.002060319	0	0	0	0	0	0
ERR2303873	0.12503849707422235	0.004927626	0.20973206036341238	0.033877425	0.5063135201724669	0	0.035417308284570376	0.00092393	0.081921774	0	0.00184786	0	0	0	0	0	0	0
ERR2303908	0.058658591296545534	0.003645132	0.3489793629430238	0.004093764	0.53661956	0	0.011664423508299685	0	0.027703005832211754	0	0.004430238	0.003476895	0	0.000168237	0	0	0.00056079	0
ERR2303916	0.052162239907948986	0.010403682040464091	0.23544922811391314	0.027471474	0.6649726723559306	0	0.000815035	0.000479432	0.007239429	0	0.000527376	0.000479432	0	0	0	0	0	0
ERR2303939	0.011163522012578616	0.030817610062893082	0.33726415094339623	0	0.5130503144654088	0.000471698	0.083176101	0.001415094	0.017452830188679245	0	0.004559748	0.000628931	0	0	0	0	0	0
ERR2303978	0.063524733	0.003976837	0.4250331403055885	0.038931137933440316	0.42614944533593807	0	0.002581455	0.000418614	0.036349683	0	0.000523268	0	0.002511686	0	0	0	0	0
ERR2303980	0.017438173747622066	0.006386448	0.4129903070930338	0.006975269	0.5292146027719902	0.000181176	0.003804692	0.000498234	0.012682308180088777	0	9.058791557206268e-05	0.009738201	0	0	0	0	0	0
ERR2303997	0.007372472	0.026887840841329214	0.4184420230931859	0.002385212	0.29159212880143115	0	0.069984279	0.000108419	0.17894508592183012	0	0.00417412	0	0	0	0.000108419	0	0	0
ERR2304001	0.017982720514366085	0.028933092224231464	0.6860558569419329	0.023809523809523808	0.2212176009644364	0	0	0	0.020092425155716295	0	0.00190878	0	0	0	0	0	0	0
ERR2304044	0.025365315687896333	0.018196856906534328	0.4742211193824097	0.006065619	0.38875103391232424	0	0.004687069	0.00192997	0.080783016	0	0	0	0	0	0	0	0	0
ERR2304091	0.018692828	0.001922312	0.28973883070396395	0.008418401	0.674996686	0	0.002121172	0	0.003380618	0	0.000729153	0	0	0	0	0	0	0
ERR2304124	0.007558202	0.012941637848051624	0.5056864772362651	0.011658169631715926	0.43295661164390886	0	0.000285215	0	0.028450212128774643	0	0.000463475	0	0	0	0	0	0	0
ERR2304149	0.042425192	0.00795864	0.3071909760300799	0.018674604417985272	0.5969293435688547	0	0.000657998	0	0.022309259	6.266645777847408e-05	0.003791321	0	0	0	0	0	0	0
ERR2304165	0.003440735	0.036594255722408514	0.5600524857850999	0.007406327	0.37734363609855665	0	0	0.000554017	0.011459396413471351	0	0.003149147	0	0	0	0	0	0	0
ERR2304166	0.009502277	0.04570923	0.4226219731970248	0.009502277	0.4997870179232609	0	0	0.000131066	0.011337199777187982	0	0.001408958	0	0	0	0	0	0	0
ERR2304167	0.005771115	0.0444267	0.32768320569126347	0.022830387281768356	0.5413959565895975	0	0.000145185	0	0.055787448731443506	0	0.001960001	0	0	0	0	0	0	0
ERR2304168	0.001769912	0.029509870660313138	0.6804628999319264	0.002178353	0.27079646017699116	0	0.000204221	0.000374404	0.012661674608577263	0	0.002042206	0	0	0	0	0	0	0
ERR2304169	0.048007047	0.034316964	0.29325405564119505	0.056301842	0.5065697717096087	0	0.000110108	0	0.061440211407179035	0	0	0	0	0	0	0	0	0
ERR2304170	0.002261164	0.024630541871921183	0.5462327384317209	0.00391666	0.4075345231365582	0	0.000161512	0.000282646	0.013647742873294032	0	0.001332472	0	0	0	0	0	0	0
ERR2304171	0.012930493367368288	0.013641879733857807	0.5747583378666778	0.004603088	0.3832280202535883	0	0.000167385	0	0.009624639	0	0.001046156	0	0	0	0	0	0	0
ERR2304172	0.00158131	0.031702714	0.6442817792287289	0.005101	0.3073607427055703	0	0.00010202	0.000178535	0.007625995	0	0.002065905	0	0	0	0	0	0	0
ERR2304173	0.00310935	0.018133289307137746	0.6660888228495955	0.00250399	0.29775466402509493	0	0.000275164	0	0.009960927	0	0.002173793	0	0	0	0	0	0	0
ERR2306089	0.077003667	0.008381351	0.4326872708224201	0.015191199580932426	0.4028287061288633	0	0.001571503	0	0.060764798323729705	0	0	0.001571503	0	0	0	0	0	0
ERR2306094	0.038456816	0.079946465	0.1521573635225068	0.033373444	0.6814297291323886	0	0.001522556	0	0.010314089	0.001571671	0.001105081	0	0.000122787	0	0	0	0	0
ERR2306103	0.2268593584772647	0.025237927388086008	0.22728234050052873	0.15770179767359888	0.31709552344025377	0.002678886	0.011279520620373634	0	0.021501586	0.003665844	0.004511808	0	0	0	0.002185407	0	0	0
ERR2306107	0.017268048485530277	0.031076862502460837	0.5277160615350002	0.007452822	0.3829625671457097	0	0.01771803	0	0.006552859	0	0.008634024	0.000618725	0	0	0	0	0	0
ERR2306177	0.012345315262227461	0.08597525	0.5953741897466117	0.003800825	0.297348262	0	0.003329405	0	0.000677666	0	0.001149087	0	0	0	0	0	0	0
ERR2306210	0.012817766	0.005921886	0.26274471608064676	0.023512223629102953	0.6196552059998052	0	0.045992013	0.001188273	0.026044609	0	0.000389598	0.000311678	0.000136359	0.000116879	0	0	0.001168793	0
ERR2306214	0.005506245	0.001831345	0.7358101261186467	0.002002271	0.1846850696521665	0	0.061166933229150136	0.000818001	0.000744747	0.00070812	0.006446335	3.66269061252396e-05	0	0	0.000244179	0	0	0
ERR2306245	0.036263107	0.004171752	0.10900102114517696	0.004719683	0.8263430549674977	0	0.009040871	0.00070982	0.008717093	0	0.000572838	0	6.226494981445045e-05	2.490597992578018e-05	0	0	0.00037359	0
ERR2306256	0.025619179476256405	0.015572674453003893	0.40216786775060054	0.002863668	0.5328315997491332	0	0.004899002	0.001822334	0.005538003	0	0.001763168	0.004567669	0.000343167	0.000224833	0	0.000437834	0.000946667	0.000402334
ERR2308553	0.048417401358577826	0.025581731464084406	0.33740424916895506	0.006576095	0.5288336464807053	0	0.045743605	0.000361324	0.00317965	0.000216794	0.003540974	0	0.00014453	0	0	0	0	0
ERR2308574	0.011117849201536285	0.002627855	0.4366282595512432	0.007681423	0.46796038	0	0.006872852	0.001010714	0.061047099	0	0.002829998	0.00222357	0	0	0	0	0	0
ERR2308583	0.026736292428198433	0.005013055	0.25733681462140995	0.003028721	0.6833420365535248	0	0.002193211	0	0.020156657963446477	0	0.002193211	0	0	0	0	0	0	0
ERR2308646	0.025007939	0.020059278077696623	0.39666031544405633	0.047687096	0.4533979040965386	0	0.000158781	0	0.043796972583889066	0	0.013231713771567694	0	0	0	0	0	0	0
ERR2308719	0.013250509	0.018776596817457598	0.5194723998144525	0.003186576	0.41102797329729945	0.000262187	0	0.001714297	0.027630437851683037	0	0.004679023	0	0	0	0	0	0	0
ERR2308794	0.01545916	0.009536994	0.6685125365328412	0.003102087	0.28700712710864995	0	0.009536994	7.691124442393478e-05	0.003922473	0.000128185	0.001615136	0	0	0	0.000717838	0	0	0.000384556
ERR2308805	0.019643866591294516	0.081072169	0.3923591482947051	0.001695873	0.4604296212549463	0	0.037450537026568684	0.000895044	0.00626531	0	0.00018843	0	0	0	0	0	0	0
ERR2308888	0.0078419	0.052149846	0.5902789579742164	0.00087402	0.3213479327004783	0	0	0	0.027385952560149553	0	0	0	0	0	0.000121392	0	0	0
ERR2308889	0.007956828	0.015086461574821759	0.42175129003033046	0.006499389	0.502304329	0	0	0.001024146	0.004057195	0.000393902	0.000669634	0.040059873	0.000196951	0	0	0	0	0
ERR2308937	0.005624824	0.000218743	0.6348864097996938	0.002906159	0.30586544170494673	0	0.003562389	0	0.041498703	0	0.00543733	0	0	0	0	0	0	0
ERR2308943	0.007837641	0.077649746	0.6624623689401017	0.002387626	0.2202325339977162	0	0.015467663240942594	0.000882383	0.003373819	0	0.005242396	0.003996678	0.000467144	0	0	0	0	0
ERR2308957	0.10794787871302415	0.001852652	0.5648119557833632	0.008954487	0.2834558142407213	0	0	0	0.022417094	0	0.010560118569752362	0	0	0	0	0	0	0
ERR2309221	0.034628031	0.009967119	0.41368680641183725	0.063707357	0.4437936703658035	0.001746815	0.005034936	0.000308261	0.022914098	0	0.003390875	0	0.000411015	0	0.000411015	0	0	0
ERR2309320	0.005194025	0.022192651	0.7645518543956044	0.000815591	0.15118475274725274	0.000171703	0.000429258	0	0.053828984	0	0.001631181	0	0	0	0	0	0	0
ERR2309325	0.007562278	0.005358298	0.24108298285344548	0.004347299	0.730487706	0	0.003680039	0.00068748	0.002385959	0	0.0009099	0.003498059	0	0	0	0	0	0
ERR2309395	0.070851399	0.010938116	0.4026409144659046	0.061292865589278676	0.32972014189988175	0	0.083070556	0.000689791	0.028872684272763106	0	0.011726448561292865	0	0.000197083	0	0	0	0	0
ERR2309410	0.004023124	0.022417136	0.5393160689367718	0.002808938	0.40146064768670375	0	0.000126855	0.000199344	0.028361211286493538	0	0.001286675	0	0	0	0	0	0	0
ERR2313955	0.018476462381987475	0.032410862018622456	0.33288453427635206	0.003195666	0.5715050449339779	0	0.024121597508354152	0.000567758	0.003082114	0	0.000340655	0.012652889076339097	0.000762418	0	0	0	0	0
ERR2313986	0.13257328990228012	0.010423452768729642	0.083387622	0.20618892508143322	0.528013029	0	0.001954397	0	0.037459283	0	0	0	0	0	0	0	0	0
ERR2313995	0.019242845608683952	0.049385485	0.5976047367004576	0.004126671	0.23840495200502376	8.971023593792052e-05	0.07037768	0	0.004126671	0.005965731	0.004081816	0.006414282	0	0	0	0	0	0.00017942
ERR2314001	0.094203304	0.009185102	0.6109773172780734	0.004144497	0.20907308877065248	0	0.062671521	0	0.003528423	0	0.006216746	0	0	0	0	0	0	0
ERR2314014	0.026107286660605272	0.054812313	0.6495648785556566	0.007143785	0.21275490323418625	0	0.000649435	0	0.045200675	0	0.003377062	0	0.000389661	0	0	0	0	0
ERR2314095	0.012919965052553547	0.003256467	0.18365942124910645	0.013131767758333112	0.7449630669031797	0	0.022768791	0.000423605	0.012655211670329089	0	0.004897938	0	0.00113844	0	0.000132377	0	0	5.295067644489158e-05
ERR2314116	0.030100238389292586	0.047965075	0.3636441968004136	0.06097596	0.44802826205589225	0.001062699	0.004566735	8.616480454950168e-05	0.013097050291524255	0.020220007467616395	0.004279519	0.005629434	0.000344659	0	0	0	0	0
ERR2314117	0.013407304669440592	0.015256588072122053	0.3851132686084142	0.028663892741562644	0.526583449	0.011558021	0	0	0.019417475728155338	0	0	0	0	0	0	0	0	0
ERR2314119	0.017844995	0.041237113402061855	0.6038515882568424	0.017374012	0.2778795332042493	0	0.037469255	0	0	0	0.003977184	0.00036632	0	0	0	0	0	0
ERR2314195	0.45526963995597713	0.002253551	0.037419422	0.062627745	0.4403857240186573	0	0	0	0.000157224	0	0.001886694	0	0	0	0	0	0	0
ERR2314198	0.041619318	0.002698864	0.3119318181818182	0.037073863636363634	0.5896306818181818	0	0.010227272727272727	0.000568182	0	0	0.002698864	0	0.003551136	0	0	0	0	0
ERR2314237	0.050215208	0.030948965	0.4113547858167657	0.041196967	0.3385939741750359	0	0.083623693	0	0.042221766755482684	0	0.00184464	0	0	0	0	0	0	0
ERR2314354	0.006685332	0.01685618	0.7703559796583053	0.00142849	0.14833438089252043	0	0.054854008	0.000799954	0	0	0.000685675	0	0	0	0	0	0	0
ERR2318074	0.009845109	0.013579461065138977	0.4457882452790155	0.010863568852111182	0.48224061107574795	0	0.015998302567366857	0.000127307	0.008529599	0	0.000339487	0.011500106089539571	0.001188203	0	0	0	0	0
ERR2318075	0.018314152	0.007725051	0.1617005622996479	0.062903989	0.7444689684166272	0	0.00018393	0.000315308	0.004282937	0	0.000105103	0	0	0	0	0	0	0
ERR2318164	0.031607038612292554	0.016512384	0.18155283129013428	0.016734773	0.7416673616323354	0	5.559725349567731e-05	0	0.011425235593361689	0	0.000389181	5.559725349567731e-05	0	0	0	0	0	0
ERR2318172	0.024073107049608355	0.057754569	0.1562402088772846	0.001409922	0.743733681	0	0.012297650130548303	0.002428198	0.001462141	7.83289817232376e-05	0.000182768	0	0.000339426	0	0	0	0	0
ERR2318198	0.010757325283308177	0.001629172	0.23920074750233594	0.00361772	0.11253264333117707	0	0.6282134215002755	0.000215626	0.002132298	0.000311459	0.000503127	0.00014375	0	0	0.000646877	0	0	9.583363281343588e-05
ERR2318204	0.00234974	0.010511996042542666	0.6421592876576799	0.000185506	0.26187237200098934	0	0.039821914	0.001236705	0.035184269	0	0.006307198	0	0.000371012	0	0	0	0	0
ERR2319269	0.002551427	0.005102854	0.38045880128482584	0.019135704034444267	0.5791967560425542	0	0.00836048	0.000341709	0.000455612	0.000273367	0.003508212	0	0.000410051	9.112240016402031e-05	0	0	0.000113903	0
ERR2319274	0.045531148	0.000377731	0.18418758716875872	0.020165039516503953	0.7230648535564853	0	0.000145281	0	0.026092515	0.000116225	0.000319619	0	0	0	0	0	0	0
ERR2319276	0.056190787	0.002613525	0.6703691604050964	0.020581509310682783	0.2231296961777197	0	0.002286834	0	0.024828487422410978	0	0	0	0	0	0	0	0	0
ERR2319346	0.071798447	0.003087034	0.23287193786098387	0.063831906	0.6219876518621789	0	0.001194981	0	0.005228042	0	0	0	0	0	0	0	0	0
ERR2319378	0.043353067	0.024908381	0.043715516894204824	0.031593573	0.8263058273931779	0	0.014195964721517459	0	0.015927671056340863	0	0	0	0	0	0	0	0	0
ERR2319417	0.003504028	0.009877497	0.7809292572563735	0.008470368	0.18941066107493654	0	0	0	0.007808189	0	0	0	0	0	0	0	0	0
ERR2319448	0.003720815	0.027720071	0.7481628476636384	0.001364299	0.21193141297944249	0	0.001116244	0.000124027	0.003534774	0	0.001054231	0.001271278	0	0	0	0	0	0
ERR2319449	0.006542526	0.019124308002013084	0.6318990102331824	0.005494045	0.3298943130347257	0	0.000335514	0.000209696	0.004403624	0	0.002096964	0	0	0	0	0	0	0
ERR2319450	0.017136038	0.043508353	0.4528878281622912	0.0050358	0.454582339	0	0.001288783	0.000501193	0.005990453	0	0.001694511	0.017064439140811457	0	0.000238663	0	0	0	7.159904534606205e-05
ERR2319451	0.046026609	0.003505933	0.5223241040393144	0.003206281	0.37962962962962965	0	0.005064126	0.000449479	0.004225099	0	0.009828599	0.024691358024691357	0.000779096	0.000269687	0	0	0	0
ERR2319452	0.052248051	0.006813379	0.2442978940464913	0.007396342	0.6347008671573271	0	0.004226481	0.002623333	0.011258471179771187	0.001093055	0.007687823	0.026233330904321214	0.00105662	0.000364352	0	0	0	0
ERR2319454	0.017736530033513793	0.028177365300335138	0.5452178396493942	0.013482856	0.20010311936065997	0	0.1891724671307038	0	0.005052849	0	0.000953854	0	5.155968032998195e-05	5.155968032998195e-05	0	0	0	0
ERR2319461	0.010734828211989789	0.044508013	0.6745409246101319	0.000676694	0.19427270769893268	0	0.056104088	0.0005229	0.017286456891513643	0	0.001015041	0	0	0	0	0	0	0.000338347
ERR2319462	0.011822082291570207	0.048893416	0.6246566040065438	0.001944625	0.299626509	0	0.000277804	0.000401272	0.008364972	0	0.003950983	0	6.173411118313423e-05	0	0	0	0	0
ERR2319463	0.019139350629175083	0.056951996271555075	0.564983688	0.00248563	0.3032779244989902	0	0.019481125	0.000466056	0.027559422091036196	6.214074879602299e-05	0.005344104	0.000124281	0	6.214074879602299e-05	0	0	0	6.214074879602299e-05
ERR2319464	0.010253417805935312	0.052350784	0.6701678337223519	0.005890853	0.25100033344448147	0	0.000138935	0.000111148	0.00647438	8.336112037345781e-05	0.003390019	0	5.5574080248971876e-05	0	0	0	0	8.336112037345781e-05
ERR2319473	0.009817889	0.024777006937561942	0.43539395441030726	0.010685084241823588	0.49826560951437066	0	0.002137017	0.000402626	0.018087215	0	0.000433598	0	0	0	0	0	0	0
ERR2319485	0.018722590801754188	0.10202781213688669	0.42226095430863225	0.022901908	0.42059297574871624	0	0	0	0.011226057948198958	0.000655947	0.000899584	0	0.000112448	0	0.000599723	0	0	0
ERR2319495	0.072447992	0.12457668118045477	0.17053701015965167	0.016811804547653603	0.5728108369617804	0	0.010038703	0	0.032776971	0	0	0	0	0	0	0	0	0
ERR2319502	0.00471658	0.012492563950029744	0.7921305345457635	0.002337044	0.1720914421687771	0	0	0	0.012705022520608482	0	0.003526812	0	0	0	0	0	0	0
ERR2319503	0.050352755792715684	0.004619847	0.31669233248576445	0.005228665	0.5718583246785803	0	0	0	0.036457401	0	0.013823729541954662	0	0.00039394	0	0.000573004	0	0	0
ERR2319519	0.037839147	0.002277132	0.19607558139534884	0.003100775	0.742781008	0.000484496	0.000290698	0.000678295	0.016472868217054265	0	0	0	0	0	0	0	0	0
ERR2319529	0.13297872340425532	0.022956327	0.5187569988801791	0.001959686	0.2337625979843225	0	0.067469205	0	0.016797312	0	0.004759239	0	0	0.00055991	0	0	0	0
ERR2319585	0.003782217	0.003751716	0.6664023181332926	0.004636267	0.2660973005947842	0	0	0	0.044227543	0	0.011102638401708099	0	0	0	0	0	0	0
ERR2319603	0.027876631079478055	0.015421115	0.20877817319098457	0	0.701067616	0	0.008896797	0	0.024911032	0	0.010083036773428233	0.002965599	0	0	0	0	0	0
ERR2404903	0.16184140902562552	0.008466248	0.4016932496787361	0.018066369340086173	0.4087988510091466	0	0	0	0.000755915	0	0.000377958	0	0	0	0	0	0	0
ERR2404913	0.016071983	0.009059882	0.46217809494260004	0.004778157	0.48492088116661497	0	0.000279243	0.000496432	0.014768848898541732	0	0.002668321	0.004778157	0	0	0	0	0	0
ERR2404917	0.011470904528617517	0.002867726	0.47365276616083163	0.006930338	0.3889353566734377	0	0.013860676305412833	0.000597443	0.089138487	0	0.012546302	0	0	0	0	0	0	0
ERR2404934	0.062979007	0.00244363	0.28079529045873597	0.00788626	0.6184605131622792	0	0.00055537	0	0.020993002332555816	0	0.005886927	0	0	0	0	0	0	0
ERR2404953	0.013097776424002438	0.027337800791958574	0.45172098690222356	0.071504721	0.36003655193420653	0	0.012412427657630216	0	0.047060615	0	0.016829119707584526	0	0	0	0	0	0	0
ERR2404986	0.062642246	0.014522596726996857	0.2428741736208952	0.001300531	0.6373685921751382	0	0.009645605	0.000216755	0.025468733	0.000216755	0.003684838	0.001192153	0	0.00043351	0	0	0.00043351	0
ERR2404987	0.029138915318744053	0.00547098	0.5028544243577545	0	0.4490960989533777	0	0.003924833	0	0.007611798	0	0.000356803	0.001546147	0	0	0	0	0	0
ERR2405046	0.078477761	0.078815736	0.2231309990536704	0.001216709	0.3877247532783561	0	0.2202920102744356	0	0.005610383	0	0.003447344	0.00027038	0	0.00027038	0	0.000743545	0	0
ERR2405050	0.015282022784106696	0	0.7504862461794943	0.003056405	0.10836343428730202	0	0	0	0.11669908307863296	0	0.006112809	0	0	0	0	0	0	0
ERR2405137	0.036510659152168584	0.18157314383729478	0.5547659887282529	0.002940456	0.22126929674099485	0	0	0	0.00245038	0	0.000490076	0	0	0	0	0	0	0
ERR2405138	0.0671875	0.00484375	0.184921875	0.0359375	0.6825	0.001953125	0.003125	0	0.017734375	0	0.001796875	0	0	0	0	0	0	0
ERR2405139	0.043211230533011624	0.007238429	0.3858302259267383	0.002851503	0.5558236455363018	0	0	0	0.002632156	0	0.00241281	0	0	0	0	0	0	0
ERR2405149	0.01627164	0.001857493	0.44661564752210414	0.00534958	0.41622705995987813	0	0.090125567	0.000222899	0.018129132922208187	0.000222899	0.001263095	0	0	0	0.002971989	0	0	0.000742997
ERR2405150	0.025905453345433545	0.010725187690784588	0.6201633528586751	0.004207574	0.324643181	0.000165003	0.005197591	0	0.003547562	0.000330006	0.002887551	0	0	0	0.001815032	0	0	0.000412507
ERR2405162	0.055591054	0.010132359653126427	0.19570972158831584	0.046554085	0.6635326335006846	0	0.012688270196257416	0	0.010223642172523962	0.000273848	0.00146052	0.003651301	0	0.000182565	0	0	0	0
ERR2405163	0.059228363	0.006673618	0.30531803962460896	0.020437956204379562	0.5801876955161627	0	0.017726798748696558	0	0.004379562	0	0.003336809	0.002294056	0	0.000417101	0	0	0	0
ERR2405182	0.008969431	0.012538898041369212	0.5626029654036244	0.00228812	0.37598389163463297	0	0.025901519	0.000274574	0.004393191	0	0.000274574	0.006589786	0	0.00018305	0	0	0	0
ERR2405183	0.015173410404624277	0.010567196531791908	0.4338872832369942	0.003703035	0.504967486	0.000270954	0.012373554913294798	0.000361272	0.017792630057803467	0	0.000903179	0	0	0	0	0	0	0
ERR2405184	0.011051080550098232	0.016576620825147347	0.424975442	0.003929273	0.5235756385068763	0	0.009209234	0.000368369	0.005279961	0	0.002578585	0.002455796	0	0	0	0	0	0
ERR2405275	0.014264487	0.025913818722139673	0.3833580980683507	0.011233283803863299	0.5277265973254086	0	0	0	0.035007429	0.001188707	0.000534918	0	0.00077266	0	0	0	0	0
ERR2405326	0.053337177	0.004829177	0.46201528	0.00764019	0.4646821392532795	0	0.000360386	0	0.0031714	0	0.003531786	0.000432464	0	0	0	0	0	0
ERR2523877	0.068295841	0.000728273	0.15997734261207316	0.015293736850623078	0.7509305712898527	0	0	0	0.004612397	0	0.000161838	0	0	0	0	0	0	0
ERR2523884	0.036112979152656356	0.004303968	0.2850706119704102	0.027908540685944856	0.6172831203765972	0	0.018090114324142568	0.000134499	0.006523201	0	0.003093477	0.000336247	0.000268998	0.000201748	0	0.000134499	0	0.000537996
ERR2523888	0.0022041	0.007383734	0.3506722503857174	0.015538902358386598	0.5987436632135773	0	0.010689883182719859	0	0.011240908089045624	0	0.003526559	0	0	0	0	0	0	0
ERR2523938	0.009460959	0.00181043	0.22846463820592186	0.011855399170706068	0.7143608012614612	0	0	0	0.030718916077790107	0.000116802	0.003212054	0	0	0	0	0	0	0
ERR2523946	0.034936774866379874	0.24599139616738366	0.32251336201277536	0.004432277	0.39043149524181986	0	0	0.000260722	0.000521444	0	0	0.000912528	0	0	0	0	0	0
ERR2523957	0.035500308	0.015230416	0.5122347275883308	0.008679097	0.4188924351867406	0	0.001175878	0.000839913	0.006999272	0	0.000223977	0	0.000223977	0	0	0	0	0
ERR2523986	0.015974127793022343	0	0.6412191297530381	0.003234026	0.3141905135241082	0	0	0	0.025382203	0	0	0	0	0	0	0	0	0
ERR2524105	0.00466066	0.00159794	0.4500421678725199	0.041413289537928895	0.45510231257490347	0	0	0.000266323	0.042700519	0	0.004216787	0	0	0	0	0	0	0
ERR2524124	0.067075632	0.003551538	0.13431269674711438	0.009443861	0.6652675760755509	0	0.10622326257163613	0	0.009524578	0	0.002582936	0.000161434	0	0.00024215	0	0	0.000968601	0.000645734
ERR2524127	0.019933933	0.000455633	0.38785738694612143	0.007290124	0.4489121767855109	0	0.076888028	0	0.056840187	0	0.001594715	0.000227816	0	0	0	0	0	0
ERR2579381	0.090681676	0.010318949343339587	0.4645611840733792	0.008859704	0.4132791327913279	0	0	0	0.008442777	0	0.002084636	0.001771941	0	0	0	0	0	0
ERR2579409	0.13161559888579388	0.003481894	0.3084958217270195	0.029944289693593314	0.5083565459610028	0	0.004874652	0	0.010445682451253482	0	0.002785515	0	0	0	0	0	0	0
ERR2579434	0.003007873	0.002432454	0.5124369000601574	0.001046217	0.4051212303507441	0	0	0.00062773	0.061622159	0	0.011429916564224622	0.002170899	0.000104622	0	0	0	0	0
ERR2579501	0.008076177	0.053711867	0.4405219538000353	0.011356021865632164	0.47289719626168225	0.000141069	0.006630224	0.000105801	0.005501675	0	0.000811144	0	0	0.000141069	0	0	0	0.000105801
ERR2579548	0.045274556	0.001121351	0.5015944212776395	0.000735887	0.4507831937484669	0	0	0	0.00031538	0	0.000175211	0	0	0	0	0	0	0
ERR2579660	0.021621941828090754	0.00787868	0.27551685326698655	0.003198863	0.57982347	0	0.093181684	0.00130324	0.001362479	0	0.008589539	0.002191813	0.000296191	0.001362479	0	0.000533144	0	0.003139624
ERR2579674	0.37856540084388185	0.11333333333333333	0.19839662447257383	0.021350210970464134	0.26286919831223626	0	0	0	0.014177215189873417	0	0.011308017	0	0	0	0	0	0	0
ERR2579758	0.023351648351648352	0.00922292	0.6876962323390895	0	0.2598116169544741	0	0.002452904	0	0.016385400313971742	0	0.001079278	0	0	0	0	0	0	0
ERR2579760	0.005337348	0.00417408	0.6243328315314083	0.025797180785548105	0.2628985903927741	0	0.034761188	0.000205283	0.037019297	0	0.005337348	0	0.000136855	0	0	0	0	0
ERR2579784	0.001663202	0	0.7908523908523909	0.004158004	0.096049896	0	0.040748441	0	0.062370062370062374	0	0.004158004	0	0	0	0	0	0	0
ERR2579836	0.041501154	0.022736730601899142	0.24091098248401618	0.007377142	0.5796163886051526	0	0.082170015	0.000605304	0.018575266	0	0.006204366	0	0.000151326	0.000151326	0	0	0	0
ERR2579880	0.023719988429273937	0.022707549898756146	0.3961527335840324	0.010702921608330923	0.506219265	0	0	0.002892682	0.031385594	0	0.004049754	0.002169511	0	0	0	0	0	0
ERR2579892	0.011422895455674199	0.018003476533399555	0.8306431586789174	0.002359076	0.123541098	0	0.005959772	0.000496648	0.004469829	0	0.002855724	0	0.000248324	0	0	0	0	0
ERR2579904	0.037723088	0.002742814	0.3410482810445238	0.010257373661469097	0.5916964117978584	0	0	0	0.013037760661281232	0	0.001352621	0.00161563	0.000375728	0.000150291	0	0	0	0
ERR2579929	0.045158115	0.20573397317583364	0.35400516795865633	0.002953119	0.10163652024117141	0	0.2747631352282515	0	0.010458963947336041	0	0.005291005	0	0	0	0	0	0	0
ERR2579930	0.000815217	0.001902174	0.2718070652173913	0.000543478	0.16915760869565216	0	0.5485054347826087	0	0.007269022	0	0	0	0	0	0	0	0	0
ERR2580078	0.03228369	0.070445807	0.604620126	0.001906517	0.2765720822344381	0	0.00505227	0.000349528	0.002796225	0	0.00384481	0.001207461	0.000921483	0	0	0	0	0
ERR2580098	0.006936068	0.042621632488942504	0.6523924406915963	0.001206273	0.25814234016887816	0	0.010755930840369923	0	0.003819863	0	0.005327704	0.018797748291113792	0	0	0	0	0	0
ERR2587851	0.028289768	0.002206211	0.41557752457551383	0.00511059	0.5368911974977658	0	0.000586461	0.000586461	0.009243744	0	0.001368409	0	0	8.378016085790885e-05	5.585344057193923e-05	0	0	0
ERR2696484	0.006032833	0	0.20819073032078428	0.011485585010731481	0.7596148268461047	0	0.001218168	0	0.010905504959684436	0	0.002552352	0	0	0	0	0	0	0
ERR2696512	0.053597436644334404	0.001747742	0.3853772210894262	0.001747742	0.3364404311098165	0	0.002039033	0.000873871	0.21817652199242646	0	0	0	0	0	0	0	0	0
ERR2696525	0.00622076	0.011773173615752404	0.1272942265179168	0.004318544	0.8405223381831268	0	0.007248985	0.00123387	0	0	0.000719757	0	0	0.000462701	0	0	0.000205645	0
ERR2696584	0.010638297872340425	0.1013437849944009	0.3370660694288914	0.001119821	0.5123180291153415	0	0.001119821	0.001119821	0.031354983	0	0.003919373	0	0	0	0	0	0	0
ERR2696716	0.003198128	0.010998439937597504	0.37476599063962557	0.001365055	0.32578003120124804	0	0.27265990639625587	0.000312012	0.00226209	0	0.00850234	0	0.000156006	0	0	0	0	0
ERR2696815	0.011961498925334081	0.007569386	0.19315951780207458	0.007289038	0.7152602560508363	0	0.034108961779272966	0.000654144	0.028502009158022614	0	0.001495187	0	0	0	0	0	0	0
ERR2696828	0.096534653	0.00330033	0.2004950495049505	0.033415842	0.23184818481848185	0	0.3510726072607261	0.000825083	0.082508251	0	0	0	0	0	0	0	0	0
ERR2696834	0.014934361	0.004697097	0.34361074310490186	0	0.507406961	0	0.12417198602914609	0.00072263	0.001686138	0	0.001927014	0	0.000481754	0	0.000361315	0	0	0
ERR2696903	0.013070127997115558	0.003515414	0.29150892374256354	0.016315125292951146	0.6638723634396971	0	0.000180278	0	0.00910402	0	0.001983054	0	0	0	0.000450694	0	0	0
ERR2696969	0.1339106901217862	0.010175913396481733	0.34668470906630583	0.008606225	0.47686062246278754	0	0.006549391	0	0.016292286874154262	0	0.000757781	0	0.000162382	0	0	0	0	0
ERR2697002	0.079536185	0.015208017713553198	0.321174688	0.004137047	0.562754924	0	0.003263023	0.003321291	0.004195315	0	0.000582683	0.005826827	0	0	0	0	0	0
ERR2697003	0.077122153	0.008605072	0.6521739130434783	0.000517598	0.22709627329192547	0	0.000841097	0.003881988	0.022192028985507248	0	0.007246377	0.000323499	0	0	0	0	0	0
ERR2697006	0.10256994700552738	0.16707504701122572	0.2776796398655194	0.002393299	0.42042281611487836	0	0.011795543905635648	0.001196649	0.011168727562824093	0	0.002222349	0.003248048	0	0.000227933	0	0	0	0
ERR2697021	0.017995092247568845	0.005634827	0.37426156502771973	0.001545033	0.5437607925111333	0	0.014177951467781514	0.001181496	0.032354812	0	0.008179587	0.000363537	0.000272653	0	0.000272653	0	0	0
ERR2697034	0.082508251	0.028774752475247526	0.3342615511551155	0.000309406	0.078485974	0	0.46802805280528054	0.001856436	0.001237624	0	0.003712871	0.000825083	0	0	0	0	0	0
ERR2697044	0.061202458	0.017355921	0.605464209	0.007058628	0.2510380335492443	0	0.018767646570337155	0.000456735	0.03371533	0	0.004733433	0.000207607	0	0	0	0	0	0
ERR2697066	0.11362795857988166	0.009985207	0.5759060650887574	0.000277367	0.16734467455621302	0	0.11778846153846154	0.000554734	0.002773669	0	0.007673817	0.000277367	0	0	0	0	0	0.00379068
ERR2697556	0.005556551	0	0.39648682559598497	0.005556551	0.5413156479655852	0	0	0	0.040150565	0	0.010933859114536655	0	0	0	0	0	0	0
ERR2697592	0.011017115876450915	0.37005705292150304	0.49301593547117845	0.026559118630729885	0.049380287231949635	0	0.042888058233326774	0	0.004721621	0	0.002360811	0	0	0	0	0	0	0
ERR2697593	0.00337126	0.01348504	0.7846607669616519	0.064475348	0.11588706278971765	0	0.007163928	0	0.006321113	0	0.003792668	0.000842815	0	0	0	0	0	0
ERR2697613	0.005038727	0.005996502	0.2286166402931623	0.004122595	0.7345714999583576	0	0.001165987	0	0.016865161988839843	0.00016657	0.002665112	0.00016657	0.000624636	0	0	0	0	0
ERR2697620	0.025033829	0	0.4972936400541272	0.094046008	0.2767253044654939	0.00135318	0	0	0.098782138	0	0.0067659	0	0	0	0	0	0	0
ERR2697622	0.013969732246798603	0.058207218	0.5459837019790454	0	0.3277066356228172	0	0.021536670547147845	0	0.009895227	0	0.022700815	0	0	0	0	0	0	0
ERR2697666	0.013117776359639793	0.016875842019428492	0.43359568886052613	0.003474438	0.5232220095015245	0	0.000779976	0.001630859	0.006877969	0	0.000425441	0	0	0	0	0	0	0
ERR2697702	0.043729326680495596	0.019453944048887145	0.1668442002578909	0.060436172	0.6956887368952178	0	0.002915288	0.001121265	0.009811067	0	0	0	0	0	0	0	0	0
ERR2697792	0.022897563531569295	0.002672256	0.520356301	0.00796437	0.33544668587896254	0	0.090856694	0.000785958	0.012365732250458476	0	0.000838355	0	0.000209589	0.000471575	0.005134923	0	0	0
ERR2697802	0.094497216	0.010645266950540452	0.31706518178840487	0.000655093	0.512610547	0	0.024074680641991485	0	0.014248280379954143	0	0.010153946937438586	0.014903373730756633	0.001146413	0	0	0	0	0
ERR2697807	0.021725732	0.011710323574730355	0.1919106317411402	0.1113251155624037	0.6385208012326656	0	0.002773498	0	0.007550077	0.009707242	0.001232666	0	0.000385208	0	0.003158706	0	0	0
ERR2697829	0.022150092737908404	0.008061064	0.13739477814238835	0.002425453	0.8209801683549722	0	0.000784705	0.001462405	0.005243259	0	0.001034384	0	0.000214011	0.000249679	0	0	0	0
ERR2697901	0.00860097	0.018940434	0.3115564095525666	0.00567298	0.38361240735657426	0	0.26383932656235703	0	0.001372495	0.000182999	0.00558148	0	0	0.000274499	0	0	0	0.000365999
ERR2697914	0.005002558	0	0.6622704792223296	0.004093002	0.11318287760786766	0	0.20777670399636178	0	0.00454778	0	0.00289921	0	0.000227389	0	0	0	0	0
ERR2697946	0.041078629	0.015625	0.14100302419354838	0.007308468	0.7720514112903226	0	0.002016129	0.00063004	0.013986895161290322	0	0.005418347	0	0.000882056	0	0	0	0	0
ERR2697961	0.009708738	0.7687826736370426	0.026811053024645256	0.002539208	0.18760268857356235	0	0.001792382	0	0.000522778	0	0	0.002240478	0	0	0	0	0	0
ERR2697970	0.021505903100965073	0.013030911673933278	0.2558173712830059	0.033410081810610885	0.6339587517758292	0	0.010924410914613237	0	0.029539999020232206	0	0.00181257	0	0	0	0	0	0	0
ERR4018884	0.020004365	0.015567032807157925	0.47421255546664726	0.011638903033389103	0.4661380664872336	0	0.002109551	0.00116389	0.007347058	0	0	0.001018404	0.000290973	0.000218229	0	0	0	0.000290973
ERR4018916	0.015124853360147478	0.007164404	0.2707390648567119	0.005446623	0.6816239316239316	0	0.009929613	0.000460868	0.003812636	0	0.003770739	0.001717781	0	0.000209486	0	0	0	0
ERR4018922	0.036001108	0.012600387704237053	0.6023262254223207	0.035447245	0.18443644419828303	0	0.073663805	0	0.052478537801163114	0	0.000276932	0.001800055	0.000969261	0	0	0	0	0
ERR4018925	0.022279599	0.017948611168950152	0.068213051	0.008911839	0.8700287344355141	0	0.000749594	0.000832882	0.006163328	0	0.004872361	0	0	0	0	0	0	0
ERR4018939	0.06333176	0.025058990089664935	0.3793298725814063	0.017177914	0.4836715431807456	0	0.003350637	0.000188768	0.020670127418593677	0	0.001179802	0.005710241	0.000330345	0	0	0	0	0
ERR4018940	0.045461186	0.10564758816139305	0.4268559908843895	0.013819499225757443	0.37429514710608586	0	0.004148771	0.000116867	0.004557805	0.006573758	0.002454203	0.015747801443304992	0.00026295	5.843340053174394e-05	0	0	0	0
ERR4018992	0.014952630978198836	0.010577179165239889	0.43337899022181636	0.070292585	0.44762774416923484	7.609481413841647e-05	0.004832021	0	0.014115588022676255	0	0.004052049	0	9.511851767302059e-05	0	0	0	0	0
ERR4019082	0.004072465	0.014290650607167539	0.20927534801066244	0.029223023	0.7270707868496397	0	0.009304966	0.00014809	0.005726133	0	0.000592359	0	0.000296179	0	0	0	0	0
ERR4019086	0.006204034	0.017935298	0.46532509136849703	0.004760186	0.3945539863736859	0	0.098632857	0	0.00554979	0.000496323	0.006542436	0	0	0	0	0	0	0
ERR4019122	0.004091597	0.005604456	0.33190070141658645	0.0034727	0.5171571998349608	0	0.11494292394443681	0.000378215	0.011621510108650805	0	0.005466923	0.005363774	0	0	0	0	0	0
ERR4019123	0.011691836592664765	0.00619389	0.4424803396200153	0.010369545549446725	0.4934929361820586	0	0.01614587	0	0.016354652376644165	0	0.003131742	0	0	0.000139189	0	0	0	0
ERR4019188	0.027585197	0.027731667	0.47695537545161604	0.001122937	0.4457084269114344	0	0.00786056	0.000927644	0.008983498	0	0.002685285	0	0	0.00043941	0	0	0	0
ERR4019189	0.068788837	0.04077183	0.3178894581925215	0.00098114	0.5674261419382972	0	0	0	0.004142592	0	0	0	0	0	0	0	0	0
ERR4019201	0.003838572	0.007936508	0.33613445378151263	0.006069094	0.6279178338001867	0	0.000311236	0.000466853	0.006691566	0	0.0037867	0.006691566	0	0.000155618	0	0	0	0
ERR4019295	0.053579468707789284	0.015458502176196908	0.20021011556355997	0.022062134173795586	0.47613687528140475	0	0.2254239831907549	0	0.004427435	0	0.002101156	0	0.000150083	0.000450248	0	0	0	0
ERR4019296	0.01304532	0.020288013553578992	0.37653536637018215	0.002626006	0.5718339686573486	0	0	0	0.01279119	0	0.002753071	0	0	0	0.000127065	0	0	0
ERR4019379	0.007830732	0.007208422	0.27490535705025154	0.003993155	0.6948866877560546	0	0.006352746	7.778872582067106e-05	0.003163408	7.778872582067106e-05	0.001503915	0	0	0	0	0	0	0
ERR4019398	0.022818682	0.002243563	0.3270404115023667	0.024049905606172536	0.601302361	0	0.002544529	0.000191524	0.019289173438397766	0	0.00051985	0	0	0	0	0	0	0
ERR4019678	0.2003435245620062	0.025764342	0.43840604603229133	0.009481278	0.31837856406733084	0	0.005152868	0.00013741	0.001923738	0	0	0.000412229	0	0	0	0	0	0
ERR4019692	0.045548654244306416	0.050589612026284994	0.555045459	0.038977406	0.29372580790350167	0	0.005311009	0	0.008461608	0	0.002070393	0	0	0	0.000270051	0	0	0
ERR4019742	0.017985611510791366	0.004012175	0.3251245157719978	0.026148312119535142	0.5937327061427781	0	0	0	0.032028223574986164	0	0.000968456	0	0	0	0	0	0	0
ERR4019765	0.006195996	0.010621707060063225	0.42337197049525815	0.001791359	0.5233508956796628	0	0.001201264	0.000821918	0.002929399	0.000147524	0.001496312	0.027903056	0.000105374	6.322444678609062e-05	0	0	0	0
ERR4020463	0.1348731884057971	0.003804348	0.25815217391304346	0.00317029	0.4431159420289855	0	0.14356884057971014	0.000452899	0.00932971	0	0.003532609	0	0	0	0	0	0	0
ERR4020521	0.011096774193548388	0.013290323	0.6796129032258065	0.005677419	0.21264516129032257	0	0.068	0	0.003354839	0	0.006322581	0	0	0	0	0	0	0
ERR4020543	0.030530262	0.011009938701422365	0.4437302862584062	0.017794441468785335	0.4825923942153187	0	0.000416592	0	0.012795334166517883	0	0.000892698	0.000238053	0	0	0	0	0	0
ERR4020578	0.021434624	0.038831563730621604	0.6632271571706296	0.003539205	0.26788295698120734	0	0.000149544	0	0.003738597	0	0.001196351	0	0	0	0	0	0	0
ERR4020601	0.045838241067923044	0.003091873	0.6183745583038869	0.066794268	0.18649391440910876	0	0	0	0.078621908	0	0.000785238	0	0	0	0	0	0	0
ERR4020614	0.014628902598616563	0.023135165	0.7104598990465507	0.002196672	0.24551318003365116	0	9.347541596560104e-05	0	0.00327164	0	0.000701066	0	0	0	0	0	0	0
ERR4020624	0.002423744	0.011158366488315728	0.8954131796771391	0.016371702	0.057666804	0	0	0	0.016508894681483515	0	0.00045731	0	0	0	0	0	0	0
ERR4020628	0.006342728	0.000386079	0.46197120953063814	0.00358502	0.5073079256521978	0	0.012409685069770008	0.000275771	0.006783961	0	0.000717004	0	0.000220617	0	0	0	0	0
ERR4020650	0.028630188883476754	0.003680251	0.4058018076527575	0.020079017156464794	0.5136115170211615	0	0.018238892	0	0.002922552	0	0.00606159	0	0.000432971	0.000541213	0	0	0	0
ERR4020654	0.00227214	0.009863155	0.6340304673379809	0.00464756	0.2887167570358895	0	0.038832946	0	0.007074619	0.000154919	0.005215595	0.009191841	0	0	0	0	0	0
ERR4020678	0.007113985	0.008569119	0.3684182161142549	0.001778496	0.5996766370250606	0	0.004527082	0.000485044	0.002802479	0.000107788	0.002317435	0.001670709	0.00070062	0	0	0.000107788	0.001724603	0
ERR4020715	0.039491273	0.004048428	0.2249933162739182	0.005728908	0.6902952297292136	0	0.012336248710995684	0.002024214	0.016842989726158195	0	0.004239392	0	0	0	0	0	0	0
ERR4020717	0.021566536319469132	0.004799147	0.3828060196705771	0.059248726	0.23397321957577913	0	0.2089110084133191	0	0.088695343	0	0	0	0	0	0	0	0	0
ERR5325508	0.020985606026635576	0.002376575	0.12555490785166584	0.069010358	0.593740191	0	0.1736245011434465	0.000313887	0.000762298	0.000224205	0.001748801	0	0.001031344	0.000627775	0.000224205	0	0	0.009775346
ERR5325546	0.026095865	0.016444708039035964	0.3332075268237451	0.009273737	0.5861325281716719	0	0.016444708039035964	0.000107834	0.012293093222623605	0	0	0	0	0	0	0	0	0
ERR5325563	0.018516291932187085	0.032944571	0.4277984850306601	0.018636527594084407	0.4686184922447998	0	0.010039677768426115	0.000240471	0.002705302	0.000180353	0.000661296	0.019658530720211616	0	0	0	0	0	0
ERR5325580	0.04100041	0.097580976	0.3977039770397704	0.008200082	0.26158261582615827	0	0.17671176711767117	0	0.010250103	0	0.00697007	0	0	0	0	0	0	0
ERR5325583	0.029535864978902954	0.026835443037974683	0.3989873417721519	0.008945148	0.4145147679324894	0	0.069704641	0.002025316	0.033248945	0	0.015021097046413502	0	0.000337553	0.000843882	0	0	0	0
ERR5325637	0.030041436464088397	0.001726519	0.5521408839779005	0.003107735	0.3035220994475138	0.002762431	0.091850829	0	0.014848066298342542	0	0	0	0	0	0	0	0	0
ERR5325643	0.026896181	0.009413663	0.3324367939752555	0.013179128563743949	0.5841850457235073	0	0	0.000806885	0.033082302	0	0	0	0	0	0	0	0	0
ERR5325670	0.006380769	0.001558095	0.6179700252262947	0.003116189	0.2951476480189939	0.00103873	0	0	0.072711085	0	0.00207746	0	0	0	0	0	0	0
ERR5325680	0.016653756777691712	0.004453912	0.5810418280402788	0.006003098	0.3430480247869868	0.000871418	0.000968242	0.000580945	0.046378776142525176	0	0	0	0	0	0	0	0	0
ERR5325698	0.022793296089385476	0.006703911	0.28	0.041340782122905026	0.6397765363128491	0	0	0	0.00603352	0	0.001787709	0.001564246	0	0	0	0	0	0
ERR5325828	0.003617802	0	0.5727029438001784	0.1071463970661116	0.27728218852215286	0.000396471	0	0.000346912	0.038507285	0	0	0	0	0	0	0	0	0
ERR5326165	0.00703285	0.006943826	0.37986290394373723	0.002937773	0.5711742188195496	0	0.025104603	0.000356094	0.004718241	0	0.000445117	0	0.00026707	0	0.001157304	0	0	0
ERR5326169	0.031859558	0.009427828	0.7735695708712613	0.001137841	0.1597854356306892	0	0	0.000325098	0.019668400520156046	0	0.004226268	0	0	0	0	0	0	0
ERR5326172	0.03599944	0.015548396133912313	0.5234626698417145	0.000980529	0.398935425	0	0.000700378	0	0.022832329	0	0.001540832	0	0	0	0	0	0	0
ERR5326186	0.005897029	0.008618734	0.5055568156044454	0.002721706	0.43830800635064643	0	0.000680426	0	0.038217283	0	0	0	0	0	0	0	0	0
ERR5326200	0.007404219	0.019715884631941454	0.41739130434782606	0.021609987085665087	0.43857081360309946	0	0.078777443	0.00077486	0.008179079	0.000947051	0.003960396	0.001033147	0.001119242	0	0.000516573	0	0	0
ERR5326270	0.024752475247524754	0.019411151641479937	0.8553934340802501	0.007816571	0.086373111	0	0	0	0.006253257	0	0	0	0	0	0	0	0	0
ERR5326308	0.002368466	0.001945525	0.4090678396210455	0.023853832	0.49835053290475384	0	0.035738453730333276	0.000761293	0.000930469	0.000169176	0.002537642	0.023050245	0	0	0.001226527	0	0	0
ERR5326327	0.055032372	0	0.27457327839905826	0.031489111	0.48087110064743965	0	0	0.000588582	0.15656268393172454	0	0.000882872	0	0	0	0	0	0	0
ERR5326384	0.029993024877935363	0.003720065	0.3331783306207859	0.00116252	0.5596372936526389	0	0.00511509	0	0.059056033	0	0.004882585	0.003255057	0	0	0	0	0	0
ERR5326405	0.023846495119787044	0.058562555	0.5874001774622892	0.001220053	0.3081188997338066	0	0.014640638864241348	0	0.005434783	0	0.000776398	0	0	0	0	0	0	0
ERR5326420	0.049828926905132194	0.002052877	0.2177293934681182	0.041804043545878695	0.5511664074650078	0.000435459	0.000870918	0.000248834	0.13206842923794712	0	0.000248834	0.003545879	0	0	0	0	0	0
ERR5326479	0.003828158	0	0.43726074011059124	0.011909825606125054	0.4789451297320289	0	0.061675882603147596	0	0.00233943	0	0.003615483	0	0.000425351	0	0	0	0	0
ERR5326490	0.011778367617783676	0.026128069	0.18944923689449236	0.1973291307232913	0.5656104844061048	0	0.002156603	0	0.006055076	0.000165893	0.00132714	0	0	0	0	0	0	0
ERR5332672	0.006007209	0.003404085	0.7989587505006007	0.010012014417300761	0.17440929114937925	0	0	0	0.006007209	0	0.001201442	0	0	0	0	0	0	0
ERR5332702	0.005576318	0.034110458563208164	0.35059619149314825	0.008720413	0.5928694310968737	0	0	0.00023729	0.005754286	0	0.002135611	0	0	0	0	0	0	0
ERR5332708	0.096991037	0.000768246	0.2706786171574904	0.009667093	0.44820742637644045	0	0.004353393	0.000256082	0.16306017925736235	0	0.005505762	0	0.000128041	0	0	0	0	0.000384123
ERR5332709	0.032913016	0.004488138	0.26871838711975493	0.006269146	0.6565505449882454	0	0	0	0.030562085915793975	0	0	0	0.000498682	0	0	0	0	0
ERR5332712	0.016887266088544045	0.8295298950251027	0.075536285	0	0.059105431	0	0.004450023	0	0.013920584208124144	0	0.000228206	0.000342309	0	0	0	0	0	0
ERR5332725	0.027928952	0.014293403504575085	0.19771544764069135	0.003408887	0.7351234973984809	0	0	0.00083727	0.017941510675198852	0	0	0	0	0	0.002751032	0	0	0
ERR5332817	0.035335319638283416	0.001149966	0.1171919920547802	0.048507658	0.7691704563274266	0	0.001359051	0	0.027024202	0.000261356	0	0	0	0	0	0	0	0
ERR5332903	0.015593018495776115	0.033679431	0.4111123516058204	0.033902720404897474	0.4545792862193443	0	0.005247293	0.000148859	0.003684269	0.000111645	0.000260504	0.041680622	0	0	0	0	0	0
ERR5332916	0.017009945111678713	0.008097386	0.19879354382913972	0.00736373	0.7480299983696538	0	0.001929243	0	0.015243736753437313	0	0.003450899	0	0	0	8.151730884191077e-05	0	0	0
ERR5332926	0.00301261	0.020768349	0.5069449998666986	0.00994428	0.43240288997307313	0	0.006825029	0.000773148	0.017435815404302966	0	0.001892879	0	0	0	0	0	0	0
ERR5332947	0.021394845563643516	0.005016722	0.095858745	0.015369860318709424	0.7987654928192013	0	9.83671060397403e-05	0.000491836	0.062905764	0	0	0	4.918355301987015e-05	4.918355301987015e-05	0	0	0	0
ERR5332949	0.022146839786329784	0.018754630171170118	0.1922252115257145	0.028073459	0.7137676921277343	0	0.006004601	0.000623855	0.011580301789683004	0.002885328	0	0.003158264	0.000389909	0.000155964	0.000233945	0	0	0
ERR5332959	0.007928248	0.009030244	0.5181217093179871	0.001806049	0.4459103710052651	0	0.012060732215011633	0.00061222	0.004530427	0	0	0	0	0	0	0	0	0
ERR5332964	0.088317496	0.015930688	0.069871437	0.079094466	0.6934041363890442	0	0	0	0.053381778	0	0	0	0	0	0	0	0	0
ERR5332999	0.3508454106280193	0.20954106280193235	0.14371980676328502	0.019927536231884056	0.2572463768115942	0	0.015700483	0	0.003019324	0	0	0	0	0	0	0	0	0
ERR5333071	0.013039019387605606	0.00175807	0.12560433657274014	0.045953997	0.7797040582116521	0	0.020901499243053182	0.000195341	0.011134443522000293	0	0.001709235	0	0	0	0	0	0	0
ERR5333083	0.047317169	0.078883733	0.098228874	0.007646559	0.7037775308803346	0	0.040781648	0.001143716	0.01186197	0	0.007613881	0	0.002744919	0	0	0	0	0
ERR5333090	0.011828241998542178	0.003810218	0.24630574514611359	0.003379498	0.7029355244847922	0	0.016996885560930357	0.000695779	0.007719833	6.62646610562587e-05	0.004638526	0.00099397	0.000364456	0.000265059	0	0	0	0
ERR5333092	0.010010580288109383	0.016358753153739726	0.19264263042239765	0.003825181	0.7621876780336941	0	0.001220802	0.000162774	0.010010580288109383	0	0.002441605	0.001139416	0	0	0	0	0	0
ERR5333099	0.00483871	0.01	0.29375	0.029274193548387097	0.6486693548387097	0	0.007540323	0.000201613	0.003427419	0	0.002096774	0.000201613	0	0	0	0	0	0
ERR5333139	0.002607881	0.00611222	0.851921275	0.008923842	0.11238335846135039	0	0.000407481	0	0.011939204	0	0.005704739	0	0	0	0	0	0	0
ERR5337738	0.009359251	0.45734341252699784	0.20122390208783297	0.009899208	0.2991360691144708	0	0.002339813	0	0.013858891288696905	0	0.006299496	0	0.000539957	0	0	0	0	0
ERR5337755	0.012956631275868274	0.001739548	0.7637814168316238	0.003179173	0.19848839301781537	0	0.006238378	0	0.001139704	0	0.012476756043428709	0	0	0	0	0	0	0
ERR5337824	0.056444365	0.00826892	0.5457486967463598	0.025346036	0.34909221642998384	0	0.006291569	0	0.007370124	0	0.001438073	0	0	0	0	0	0	0
ERR5337881	0.014903129657228018	0.035128806	0.479561422	0.00234192	0.3652331275282095	0	0.048967426	0	0.053119012135405576	0	0	0.000532255	0.000212902	0	0	0	0	0
ERR5337904	0.002447761	0.001432836	0.28949253731343283	0.001850746	0.6974626865671641	0	0.000119403	0.001134328	0.006059701	0	0	0	0	0	0	0	0	0
ERR5337913	0.001776578	0.051876065946560544	0.668455088	0.00525867	0.2519542353610006	0	0	0.000248721	0.01648664	0	0.003944002	0	0	0	0	0	0	0
ERR5337950	0.006784874	0.008775104	0.3954677039985526	0.006423014	0.5503437669621857	0	0	0	0.028903564320607925	0	0.002442555	0.000859417	0	0	0	0	0	0
ERR5342152	0.051137378	0	0.43427489911795164	0.040959897	0.4610220333535693	0	0.001714102	0.000214263	0.007177802	0	0.003499625	0	0	0	0	0	0	0
ERR5342161	0.017709877246988182	0.007182761	0.047923079846463726	0.006270665	0.9091703720594383	0	0.007144757	0.001824193	0.001482157	0.000114012	0.001026109	0	0	0.000152016	0	0	0	0
ERR5342181	0.014493731	0.018639611702844817	0.46656330052581907	0.002157206	0.41886881488472427	0	0.071996764	0.002629095	0.004044762	0	0.000202238	0	0.000404476	0	0	0	0	0
ERR5342183	0.034482758620689655	0.017467248908296942	0.42861014907393463	0.000843246	0.4919741002861015	0	0.019695828941424486	0	0.005089595	0	0.001837073	0	0	0	0	0	0	0
ERR5342201	0.00601432	0.005250597	0.5360381861575179	0.034940334	0.3605727923627685	0	0.0424821	0.000572792	0.000668258	0	0.001622912	0	0.011837708830548925	0	0	0	0	0
ERR5342279	0.074969648	0.003945771	0.4125859975718333	0.023674626	0.4416228247673007	0	0.005362202	0	0.031464993929583164	0.000202347	0.004350465	0	0.000202347	0	0.001618778	0	0	0
ERR5752334	0.008618412	0.049134857	0.533978338	0.013373398494254393	0.37372870162462024	0	0.012746004490820235	0.001056664	0.006306961	0	0.000825518	0	0	0.000231145	0	0	0	0
ERR5752365	0.018690416457601607	0.017837431008529855	0.43339187155042647	0.012493728	0.4969643753135976	0	0.011465127947817361	0.000200702	0.004816859	0	0.003788259	0	0.00022579	0.000125439	0	0	0	0
ERR5752366	0.039774371	0.013740237199884292	0.31303635136438146	0.036351364381448266	0.5553948510269019	0	0.026323402	9.642271719217047e-05	0.006171054	0	0.008003086	0	0.00033748	0.000578536	0	0.000192845	0	0
ERR5752367	0.03652968	0.021194825	0.4199010654490107	0.041248097	0.44752663622526634	0	0.026598173515981736	0.000114155	0.001902588	0.000114155	0.003500761	0	0.000837139	0.000342466	0	0.000190259	0	0
ERR5752368	0.032176122	0.012430143945808637	0.3285351397121084	0.072582557	0.45737510584250635	0	0.076037257	0.000186283	0.014936494496189669	3.386960203217612e-05	0.004741744	0	0.000779001	0.000118544	0	6.773920406435225e-05	0	0
ERR5752397	0.2210874965498206	0	0.035053822798785536	0.020977090808722055	0.6558101021253105	0	0	0	0.026773392216395252	0	0.040298096	0	0	0	0	0	0	0
ERR5752398	0.004370718	0.016710373848874794	0.7494257079547072	0.001707629	0.2077209245593706	0	0.000101645	0	0.012807220833079221	0	0.007054136	0	0.000101645	0	0	0	0	0
ERR5752399	0.011858584	0.39491669437363774	0.4894528796778603	0.000738853	0.074476338	0	0	0	0.018803797702168532	0	0.009752854	0	0	0	0	0	0	0
ERR5752400	0.022443997087420224	0.049642352	0.6456504047629246	0.00501135	0.2554075470081809	0	0.000471153	0	0.015462372039234163	0	0.005910824	0	0	0	0	0	0	0
ERR5752401	0.008398301	0.001426127	0.6600114090131204	0.00538759	0.2559738860366356	0	0	0	0.048108005	0	0.020599607	0	9.507510933637573e-05	0	0	0	0	0
ERR5752455	0.003771525	0	0.6806610093791872	0.027765371445585826	0.2824425586819513	0	0	0.001191008	0.001563198	0	0	0	0.000521066	0	0.002084264	0	0	0
ERR5752456	0.001839511	0	0.4757739830626128	0.00371373	0.514369013	0	0	0.000520616	0.003505484	0	0	0	0.000277662	0	0	0	0	0
ERR5752457	0.007062276	0	0.500963038	0.17843712739612952	0.30376960469595526	0	0	0.00087132	0.007153994	0	0	0	0.000550307	0	0.001192332	0	0	0
ERR5752458	0.000981965	0	0.5496383097116297	0.063631305	0.384242742	0	0	0	0.001145625	0	9.819645838106773e-05	0	0.000261857	0	0	0	0	0
ERR5752459	0.004998244	0	0.3745710966417205	0.29867884256882715	0.30556831383567934	0	0	0.004106665	0.010104557858049874	0	0	0	0.001161754	0.00010807	0.000702456	0	0	0
ERR5752483	0.002869959	0.004799344	0.20393594443372565	0.013746864750144704	0.7588028169014085	0	0	0.001157631	0.013433339764615087	0.000723519	0.000530581	0	0	0	0	0	0	0
ERR5752484	0.003045908	0.003243125	0.35350060260764765	0.029034732	0.5962747890873233	0	0	0.000964172	0.013849019393009752	0	8.765202147474526e-05	0	0	0	0	0	0	0
ERR5752485	0.007059821	0.011275757122187298	0.4413510951454373	0.013396198173926059	0.5195579504066258	0	0.000124732	0.000748391	0.004415507	0.001197426	0.000873123	0	0	0	0	0	0	0
ERR5752486	0.001875459	0.00983349	0.5537673923511671	0.048153686	0.3818333882454317	0	0	0.001774083	0.001900803	0.000177408	0.000684289	0	0	0	0	0	0	0
ERR5752487	0.00505207	0.007516117	0.5075316141829903	0.003378378	0.47120629804116043	0	0	0.001100298	0.003300893	0.000619886	0.000294446	0	0	0	0	0	0	0
ERR5752521	0.002651957	0.003288427	0.6052826986315901	0.032141721	0.3494218733425268	0	0	0	0.007213323	0	0	0	0	0	0	0	0	0
ERR5752522	0.016075845012366034	0	0.4807639461390492	0.03201429	0.441330036	0	0.002473207	0	0.026518274251167904	0	0.000824402	0	0	0	0	0	0	0
ERR5752523	0.047278725	0.004398021	0.44529961517317207	0.052776250687190766	0.3881253435953821	0	0.006597031	0	0.055525013743815285	0	0	0	0	0	0	0	0	0
ERR5752524	0.025632262	0	0.3913192071086808	0.023239918	0.5246069719753931	0	0.020847573479152427	0	0.012303485987696514	0	0.002050581	0	0	0	0	0	0	0
ERR5752525	0.011946591707659873	0	0.36823612087139845	0.067111736	0.4072382290934645	0	0.13562895291637386	0	0.003513703	0	0	0	0.006324666	0	0	0	0	0
ERR6149553	0.017746361250298257	0.1804760200429492	0.4981209735146743	0.007009067	0.27287640181340966	0	0.010081126222858507	0.000119303	0.007068719	0	0.000745645	0.005756383	0	0	0	0	0	0
ERR6149560	0.00220022	0.040154015401540157	0.860036004	0.00070007	0.089458946	0	0	0	0.004325433	0	0.003125313	0	0	0	0	0	0	0
ERR6149604	0.057005656	0.00612774	0.3487214235210936	0.005509074	0.4475901484798492	0	0.12435187367428706	8.838086259721895e-05	0.005567994	0	0.00209168	0.002798727	0.000147301	0	0	0	0	0
ERR6149691	0.002667832	0.01968676	0.7534325337503738	0.011177295830362687	0.20533106414295899	0	0	0	0.006416596	0	0.001287919	0	0	0	0	0	0	0
ERR6149700	0.24692461930309434	0.036850376632525876	0.4349699235896602	0.003251504	0.23028775808811575	0	0.032460846	0.000135479	0.006503008	0	0.002140573	0.006069474	0.000406438	0	0	0	0	0
ERR6149776	0.008284331	0.009226471	0.4906923101913518	0.002176667	0.47724245476105387	0	0.002306618	0.000227413	0.001461941	0	0.004775673	0.003151295	0	0.000357363	0	9.746272050940515e-05	0	0
ERR6149813	0.006052796	0.037410184	0.6690877850671665	0.021868166198063105	0.24523586379256482	0	0	0	0.014643861	0	0.005701343	0	0	0	0	0	0	0
ERR6149864	0.002597403	0.031055900621118012	0.7526538678712592	0.000592885	0.1691699604743083	0	0.028006776	0	0.011462450592885375	8.46979107848673e-05	0.004150198	0	0.000225861	0	0	0	0	0
ERR6176997	0.012088277697682157	0.050238439	0.4396140623267162	0.022513031	0.45142508594876346	0	0.00205168	0	0.022069424420538983	0	0	0	0	0	0	0	0	0
ERR6177019	0.006158964	0.009935263	0.6246628304261823	0.01429599	0.3207156986153569	0	0	0	0.022343104	0	0.00188815	0	0	0	0	0	0	0
ERR6358165	0.030390550909561168	0.047202345	0.7548495559962066	0.001207001	0.16057418742995086	0	0.00379343	0.000215536	8.621432882145013e-05	0	0.001681179	0	0	0	0	0	0	0
ERR6358237	0.020209214333407523	0.03681282	0.6530603160471845	0.007567327	0.27019808591141775	0	0.005252615	0	0.006098375	8.902737591809482e-05	0.000712219	0	0	0	0	0	0	0
ERR6358241	0.002445067	0.051054941140275596	0.44935796751785223	0.002088832	0.46263581456353126	0	0.015318101591722396	0.000469582	0.007918131	0	0.006800848	0.000534352	0.001263015	0.000113347	0	0	0	0
ERR6358261	0.000455011	0.008758958	0.9145717210783756	0.002009631	0.071967543	0	0.00015167	0	0.001706291	0	0	0	0	0	0.000379176	0	0	0
ERR6358276	0.002450853	0.019789330969390416	0.7856546905146791	0.00099077	0.16154768733378527	0	0.001772957	0	0.002190124	0	0.000730041	0.024873546435834594	0	0	0	0	0	0
ERR6358326	0.004264999	0.081350899	0.6859065491422613	0.00966733	0.2130919660063817	0	0.002716962	0.000347518	0.000947777	0.000916185	0.000695037	0	0	0	9.477774618519572e-05	0	0	0
ERR6358338	0.038540733024878274	0.2474261766914561	0.3664882149172743	0.002131731	0.29202296455996707	0	0.012063661248516266	0.000363363	0	0	0.003657857	0.03708728	0	0.000218018	0	0	0	0
ERR6358403	0.00911945	0.041299148	0.7275003737479444	0.003102108	0.20896247570638363	0	0.002092988	0	0.005979967	0	0.001943489	0	0	0	0	0	0	0
ERR6358408	0.031098019	0.022427257315954758	0.6140121724147514	0.007114471	0.24664424867298446	0	0.000555818	0	0.004279799	0	0	0.072812161	0.000972682	8.337270377678349e-05	0	0	0	0
ERR6358415	0.028441134407296474	0.013357079252003561	0.659542891	0.0026984	0.2769907444885183	0	0.004884104	0.000161904	0.002347608	5.396799697779217e-05	0.00053968	0.010928519388002914	0	5.396799697779217e-05	0	0	0	0
ERR6358428	0.004086517	0.012259550257382823	0.9130994310484963	0.002438364	0.06466179	0	0.001670731	0	0.001512689	9.030976248532467e-05	0.00018062	0	0	0	0	0	0	0
ERR6358470	0.017398815399802568	0.009162142	0.6588721618953604	0.007989882	0.30269002961500496	0	0.001172261	0.000370188	0.001511599	0.000524432	0.000215943	0	9.254689042448174e-05	0	0	0	0	0
ERR6358481	0.003678199	0.038247739	0.4350922315329517	0.011656848917282005	0.4710307254072292	0	0.001507232	0.000179762	0.004742941	0.000110623	0.002143311	0.031320003	0.000221245	6.913908017367737e-05	0	0	0	0
ERR7451668	0.011036789297658863	0.10936454849498328	0.43656633221850616	0.000334448	0.37279821627647713	0	0.061092531	0	0.004570792	0	0.004236343	0	0	0	0	0	0	0
ERR7451686	0.009102887	0.016409150796502577	0.8379446640316206	0.00023955	0.11989459815546773	0	0.004311894	0	0.008983112	0	0.003114145	0	0	0	0	0	0	0
ERR7451733	0.031476449	0.017096920289855072	0.3088768115942029	0.013586957	0.5870697463768116	0	0.029891304347826088	0	0.003736413	0.000566123	0.006793478	0	0.000905797	0	0	0	0	0
ERR8477498	0.005868134	0.02117188	0.5656415632826606	0.015988118119867202	0.385229192	0	0	0	0.00607199	2.9122255227444814e-05	0	0	0	0	0	0	0	0
ERR8477500	0.011704953442890919	0.046907382001809744	0.7971773840450684	0.000408652	0.13625616626287984	0	0	0	0.007545463	0	0	0	0	0	0	0	0	0
ERR8477502	0.00634988	0.1330363456371093	0.5003535567812191	0.000113138	0.3558478291613633	0	0	0	0.00429925	0	0	0	0	0	0	0	0	0
ERR9744093	0.057517125	0.028169691	0.40949405119576976	0.000697032	0.4947962985218123	0	0.002547771	9.614229059007331e-05	0.003653407	0	0.001802668	0.000576854	0.000408605	0.000240356	0	0	0	0
ERR9744095	0.009881341	0.006615124	0.45968908918013807	0.039049903	0.4641749700252202	0	0.011163021457807914	0.000124034	0.006429073	0	0.000578823	0.00018605	0.001819159	0	0	0	0.000289412	0
ERR9744104	0.005125285	0.17977324497825636	0.26656657693104163	0.012813211845102505	0.5297680679229654	0	0.000595361	0	0.002666183	0.00093187	0.001216608	0.000414164	0	0	0.000129426	0	0	0
ERR9744165	0.002165598	0.018899764	0.18005399932500843	0.002334346	0.20294746315671053	0	0.005174935	0	0.001743728	0	0	0.5865957925525931	0	0	8.437394532568343e-05	0	0	0
ERR9744173	0.012152559	0.023611286321012573	0.554770615	0.003805559	0.4005508599301964	0	0.0027543	0.000210252	6.307556452630251e-05	0.000105126	0.000462554	0.001072285	0.000210252	0	0.000231277	0	0	0
ERR9744181	0.000657339	0.005164804	0.657784769	0.003756221	0.30277490844210725	0	0.007371584	0.000140858	0.021199173631326885	0	0.000704291	0.000281717	0.000164335	0	0	0	0	0
ERR9744184	0.039757148	0.10304403782664652	0.49650271389401823	0.001342958	0.3037043254434559	0	0.052319400145487104	0	0.000307761	0	0.002378155	0.000643501	0	0	0	0	0	0
ERR9744188	0.0046907	0.043912	0.6793366953687595	0.00532934	0.25706357770486027	0	0.000484485	0	0.008060076	0	0.000506508	0.000374375	0.000242243	0	0	0	0	0
ERR9744189	0.025858502	0.053061647	0.21457385188249897	0.011998345055854365	0.6669424906909391	0	0.015101365328920148	0.000206868	0.010912288	0	0.000879189	0	0	0.000155151	0	0	0.000310302	0
ERR9744198	0.068127237	0.022225746522271057	0.13090760795686257	0.010421858715845757	0.7278762064434274	0	0.000158594	0.000317187	0.014681227060582717	0	0.000611718	0.024083556	0.000589062	0	0	0	0	0
ERR9744214	0.022181637057944546	0.069566661	0.16978250041507553	0.005047319	0.5015108749792462	0	0.004383198	0.000564503	0.003586253	0.000232442	0.003220986	0.2189606508384526	0.000863357	9.961813049975096e-05	0	0	0	0
ERR9744233	0.002535589	0.011265259	0.5798167131524613	0.001159126	0.3797949795341761	0	0.013185061759698627	0	0.008548557	0	0.001919803	0	0.001774912	0	0	0	0	0
ERR9744241	0.030946478051626074	0.3431238150794808	0.15426571386903895	0.000612513	0.4547469738952895	0	0.002012542	0	0.005162608	0	0.003441738	0.005279277	0.000291673	0	0.000116669	0	0	0
ERR9744245	0.034752196914359074	0.01896983	0.39119463443787766	0.003608031	0.5079354538813998	0	0.006153574	0.000664055	0.003430949	0	0.000863271	0.032051708	0.000265622	0.000110676	0	0	0	0
ERR9744257	0.000208943	0.002047639	0.7718345173422482	0.003134141	0.2175094024237359	0	0	0	0.003510238	0	0.001755119	0	0	0	0	0	0	0
ERR9744264	0.007633891	0.023278408978248368	0.5400432256657347	0.016992841988380625	0.3833997580948982	0	0	0	0.026193167172287986	0.001070727	0.000912101	0.000257768	0.000218111	0	0	0	0	0
ERR9744267	0.003244238	0.005713732	0.5602847181871006	0.00266318	0.42155723416618246	0	0.000726322	9.68429207824908e-05	0.005326361	0	0.000387372	0	0	0	0	0	0	0
ERR9744274	0.004835486	0.066751198	0.7271496421740345	0	0.15437020480969676	0	0.006877136	0	0.006103458	0.000365348	0.001611829	0.031935699	0	0	0	0	0	0
